user_name,create_date,speaker,episode,situation,category
Novie,2014/7/30,中学野球部監督,選手を励ます力がある,県大会後,成長
Novie,2015/3/15,中学野球部キャプテン,スコアラーのおかげで勝てた試合,引退式,人間関係
Novie,2016/11/12,高校文化祭委員仲間,裏方仕事の天才だ,打ち上げ,人間関係
Novie,2017/2/8,高校時代の担任,お前は人の話を本当によく聞くな,進路相談,価値観
Novie,2018/6/3,大学サークルの先輩,リアクションが可愛い,サークル新歓,故郷
Novie,2019/10/20,ゼミの教授,君は中小企業の現場感覚が本物だ,ゼミ発表後,学び
Novie,2020/5/22,工場の古参職人,坊ちゃん、ようやく戻ってきたか,休学帰省時,家族
Novie,2020/7/15,父,お前がいてくれて本当に助かった,休学中の夜に工場の片隅で,家族
Novie,2020/9/3,母,あなたは無理しすぎる癖があるね,工場手伝い中,家族
Novie,2021/5/10,ゼミ仲間,戻ってきてゼミの雰囲気が変わった,復学後,人間関係
Novie,2021/12/18,就活OB訪問先の社員,現場の細かい工夫に目が行くんだね,OB訪問,仕事
Novie,2022/3/5,大学の親友,社会人になってもそのままでいてほしい,卒業旅行,人間関係
Novie,2022/5/16,経営企画部の上司,焦らなくていい、まずは現場を見てくれれば,入社1ヶ月,仕事
Novie,2022/8/22,同期,聞き上手だから、つい話しちゃう,同期飲み,人間関係
Novie,2022/10/14,経営企画部の先輩,君の議事録は丁寧で読みやすい,部内会議,仕事
Novie,2023/1/27,役員,君のような視点を持つ若手は貴重だ,経営会議後の廊下,仕事
Novie,2023/5/8,DXチームリーダー,分からないと言えるのは君の強みだぞ,異動直後,成長
Novie,2023/8/19,営業部の係長,現場の話をちゃんと聞いてくれる,営業同行後,仕事
Novie,2023/11/24,工場長,あんたのお父さんに育てられたのがよく分かる,工場視察,家族
Novie,2024/2/6,同期の女性,誰も置き去りにしないよね,同期会,人間関係
Novie,2024/4/30,上司,君は判断に時間がかかる,評価面談,成長
Novie,2024/6/15,部の後輩,質問しやすいから助かります,後輩との雑談,人間関係
Novie,2024/9/26,部長,現場の声がよく上がってくるようになった,部内会議,仕事
Novie,2024/12/19,外部コンサル,あなたのおかげでプロジェクトがより良く進みました,案件完了,仕事
Novie,2025/2/11,転職エージェント,あなたの謙虚さは武器になりますよ,転職相談,成長
Novie,2025/5/28,コンサルファーム面接官,素直さはあるが、それだけでは厳しい,最終面接,成長
Novie,2025/7/14,同期,寂しい,転職を伝えた時,人間関係
Novie,2025/9/30,退職時の上司,君ならどこに行っても誠実にやれる,退職日,成長
Novie,2025/10/8,コンサルの先輩,ここでは謙遜してると埋もれるぞ,入社1週目,仕事
Novie,2025/11/22,コンサルのマネージャー,君の現場感覚は僕らには真似できないが、それに意味があるのかは考えて欲しい,プロジェクト初期,仕事
Novie,2025/12/15,クライアント企業の課長,現場目線でありがたい,ヒアリング後,仕事
Novie,2026/1/12,コンサル同期,人を傷つけないよな,新年会,価値観
Novie,2026/2/4,母,最近、声に張りが出てきたわね,月一の電話,家族
Novie,2026/2/20,クライアントの部長,もう少し自信を持って結論を言ってくれ,報告会,成長
Novie,2026/3/6,コンサルのパートナー,君は遅咲きタイプだな。焦らずやると良い。,1on1,成長
Novie,2026/3/25,クライアントの現場社員,こんなに話を聞いてくれると思っていなかった,現場ヒアリング,仕事
Novie,2026/4/8,父,お前は工場の連中の気持ちが分かる人間だ,月一の電話,家族
Novie,2026/4/16,コンサルの同僚,銭湯通いとか地味すぎだろ,飲み会で,趣味
Novie,2026/4/24,先輩の妻,本当にいい青年ね,先輩宅で,人間関係
Novie,2026/5/2,中学野球部の同窓,お前、相変わらず謙虚すぎだろ,同窓会,故郷
Novie,2026/5/5,GWに会った幼馴染,東京に染まらなかったな,居酒屋で,故郷
Novie,2026/5/8,クライアントの新人,発言しやすかったです,WS終了後,人間関係
Novie,2026/5/11,銭湯の常連の老人,兄ちゃん、いい目をしてるな,銭湯にて,日常
Novie,2026/5/13,コンサルの後輩,もっと自信持っていいんじゃないですか？,ランチで,成長
Novie,2026/5/14,古本屋の店主,若いのに、古本が好きなのね,古本屋,趣味
Novie,2026/5/15,近所のジョギング仲間,最近よく走ってるね、頑張って,早朝ジョグ,健康
Novie,2026/5/16,元上司,活躍しているみたいだね,元職場近く,仕事
Novie,2026/5/17,クライアント社長,うちの社員も心を開いてくれる,経営会議,仕事
Novie,2026/5/18,前職の同期,最近少し雰囲気変わったよな,同期会,成長
Novie,2026/5/19,母,無理だけはしないでね,連休明けの電話,家族
Kuroe,2006/4/8,ボストンの担任,"She's brilliant, but doesn't smileと母に告げた",三者面談,海外
Kuroe,2007/9/12,父,お前は私より冷徹かもしれないなと感心したように呟いた,家族の夕食,家族
Kuroe,2008/12/20,中学のグループメンバー,あの子と組むと点は取れるけど怖いと陰口を言った,中学校,人間関係
Kuroe,2010/6/15,math competition審査員,彼女の解法は冷たく美しいと評した,競技会後,学び
Kuroe,2012/3/22,高校の同級生,Ice Queenと呼んだのが学年で定着した,高校,人間関係
Kuroe,2013/11/10,母,あなた、たまには笑ったら？と心配そうに言った,自宅,家族
Kuroe,2015/5/18,高校のカウンセラー,君は完璧主義の典型例だと分析した,進路面談,学び
Kuroe,2016/9/3,大学のルームメイト,彼女、深夜まで電気がついてると他人に語った,寮にて,学び
Kuroe,2017/4/14,ゼミの教授,君の論文は数学的に美しいと評した,ゼミ,学び
Kuroe,2017/12/15,GSのインターン担当,Year 1 analystより使えると上司に推した,インターン中,仕事
Kuroe,2018/9/6,McKinseyのパートナー,感情がないわけではない、隠してるだけだと評した,評価会議,仕事
Kuroe,2019/3/8,父,お前は私の最高傑作だと卒業前に言った,自宅,家族
Kuroe,2019/10/24,NY本社の新人同期,あの子に話しかけても無駄だと申し送られた,入社初週,人間関係
Kuroe,2020/6/10,直属のマネージャー,彼女のモデルは芸術品レベルだと評価した,案件後,仕事
Kuroe,2021/6/22,香港の現地パートナー,文化を理解しないと、長くは持たないぞと忠告した,案件中,海外
Kuroe,2022/5/22,日本企業のCFO,あの方は怖い。だが、嘘がないと社内で語った,クライアント先,経営
Kuroe,2022/6/6,クライアント担当役員,Kuroeさんの提案は正しい、だが冷たいと評した,報告会,経営
Kuroe,2022/9/14,レイオフ案件のリーダー,彼女は最強の実行者だと人事に推した,案件中,仕事
Kuroe,2022/12/8,レイオフ対象者,人として終わってると退職時に吐き捨てた,通告場面,仕事
Kuroe,2023/2/16,退職時のパートナー,君を失うのは惜しい、だが止めないと退職時に言った,退職面談,仕事
Kuroe,2023/5/30,母,日本に戻ってくるのね、嬉しいと空港で出迎えた,帰国時,家族
Kuroe,2023/8/25,The Roundのパートナー,即戦力以上だ、シニアマネジャーで正解だったと評した,入社1ヶ月,仕事
Kuroe,2023/11/12,同僚のシニアマネジャー,彼女と組むと胃が痛いが、案件は通ると漏らした,チーム飲み会,仕事
Kuroe,2023/12/19,クライアントの社長,あなたは敵に回したくない人だと苦笑した,経営会議,経営
Kuroe,2024/3/2,チームの若手,Kuroeさん、笑った顔を見たことがないと同期に話した,社内,人間関係
Kuroe,2024/5/14,動物病院の獣医,ノアちゃん、本当に大事にされてますねと微笑んだ,通院時,猫
Kuroe,2024/7/18,クライアントの女性役員,彼女は私の20年前の理想形だと評した,案件後,仕事
Kuroe,2024/8/26,部下,Kuroeさんの指示は明確で迷わないと評価面談で答えた,評価面談,仕事
Kuroe,2024/9/2,父,お前、猫を飼ってるんだってなと意外そうに言った,電話で,猫
Kuroe,2024/10/19,同僚,彼女、初めて飲み会に来た。1時間で帰ったけどと驚いた,飲み会後,人間関係
Kuroe,2024/12/30,クライアントの若手,Kuroeさんに認められた、嬉しいと帰り道に呟いた,案件中,仕事
Kuroe,2025/1/22,ペットショップの店員,最高級フードを毎月買われる方ですねと覚えていた,買い物時,猫
Kuroe,2025/2/9,チームメイト,Kuroeさんの机に、ノアの写真が一枚だけあると気づいた,オフィス,猫
Kuroe,2025/4/12,業界紙の編集者,彼女の言葉は引用したくなる切れ味だと取材後に話した,取材後,仕事
Kuroe,2025/6/4,母,料理くらい覚えなさい、心配だわとLINEを送った,母娘のやりとり,家族
Kuroe,2025/7/16,後輩女性,Kuroeさんがロールモデルですと勇気を出して伝えた,飲み会,人間関係
Kuroe,2025/9/28,中学時代のクラスメイト,やっぱりあの子、ああなったかとSNSで噂した,SNS上,人間関係
Kuroe,2025/10/11,業界のPEパートナー,彼女が30代になる前に獲りたいと語った,業界会合,仕事
Kuroe,2025/11/20,父,26歳、お前は私より早く役員になるかもなと電話で評した,誕生日電話,家族
Kuroe,2025/12/13,チームのアシスタント,Kuroeさんに頼まれた仕事は二度目の確認がないと感心した,業務中,仕事
Kuroe,2026/1/3,ノアにかかりつけの獣医,あなたは猫の前だけ違う顔をすると笑った,動物病院,猫
Kuroe,2026/2/6,クライアントCEO,Kuroe氏の率直さに救われたと社内で話した,経営会議後,経営
Kuroe,2026/3/4,大学時代の友人,変わってないね、安心したとNYからメッセージが来た,久々の連絡,海外
Kuroe,2026/3/19,GW中に会った父,お前は孤独に強いが、それが心配だと珍しく漏らした,連休,家族
Kuroe,2026/4/12,ライバルファームのパートナー,あの人を採れるなら年収倍払うと社内で語った,業界内,仕事
Kuroe,2026/4/24,隣の席の同僚,Kuroeさんの引き出しに、ノアのおもちゃが入ってたと驚いた,オフィスにて,猫
Kuroe,2026/5/3,クライアントの中堅社員,最初は怖かったが、信頼していると部下に話した,クライアント先,仕事
Kuroe,2026/5/11,母,あなたの幸せって、何なの？と電話で珍しく聞いた,母との電話,家族
Kuroe,2026/5/15,PEファンドのMD,君ならポートフォリオ全体を任せられるとスカウト電話で言った,スカウト時,仕事
Kuroe,2026/5/19,自宅に来た同僚,部屋に物がなさすぎる、ノア以外何もないと笑った,自宅訪問,日常
Jose,1996/2/14,工場長,怒鳴らへん人ほど、本気の時はほんま怖いんですわ,朝礼後の喫煙所,人情
Jose,1997/8/11,銀行員,あの方、腹は完全に据わってますね、と上司に報告しました,融資面談の直後,決断
Jose,1998/4/3,古参社員,最後まで話を聞いてくれる社長は、わし初めてや,個別面談の終わり,人情
Jose,1999/11/17,妻,また何か無理してるでしょ、顔に書いてあるわよ全部,自宅の食卓,家族
Jose,2000/6/9,取引先,派手じゃないのに、なぜか場の真ん中にいるんだよあの人,会食の帰り道,哲学
Jose,2001/9/24,新人,服は地味なのに、靴と時計だけ妙にいいんですよね,新人研修後の雑談,趣味
Jose,2002/3/8,弁護士,売却の判子を押した瞬間、本当に顔色一つ変わらなかったですよ,契約締結日,決断
Jose,2003/7/15,若手社長,説教を一度もしないコンサルなんて、初めて会いました,経営相談会の後,若手
Jose,2004/10/21,秘書,老眼鏡を、本当に月三本のペースで紛失されるんです,出張準備中,哲学
Jose,2005/2/26,社員,ダジャレの成功率三割なのに、なぜか嫌われないんですよ不思議と,飲み会の隅で,哲学
Jose,2006/5/13,取引先の女性,今日ちょっとご機嫌ですね、何かいいことありました?,会食の席で,恋愛
Jose,2007/1/30,部下,失敗を全部自分で被るから、こっちが申し訳なくなるんです,役員会の後,人情
Jose,2008/11/4,投資先社長,一番苦しい時に逃げなかったの、Joseさんだけでした,整理交渉の最終日,失敗
Jose,2009/4/19,旧友,お前、痩せたなぁ。無理してる顔してるぞ大丈夫か,久しぶりの再会,失敗
Jose,2010/9/2,コンサル仲間,人を見る速度が異常です、たぶん十秒で判断してますよあの人,商談に同席した後,経営
Jose,2011/3/17,新人,えーとね、って言われると、なぜか緊張がふっとほぐれるんです,入社面談,人情
Jose,2011/12/5,役員,普段ふわっとしてるのに、決める時だけ言葉が異様に短いんですよね,幹部会後の雑談,決断
Jose,2012/7/8,娘,パパまた時計ばっかり見てる、家ではスマホでいいでしょ別に,家族の食卓,家族
Jose,2012/10/20,若手社員,Joseさん、可愛い子来ると顔に出すぎですよ笑,部署の懇親会,恋愛
Jose,2013/1/14,会計士,数字より、まず場の空気を読むんですよあの方は,監査の現場,経営
Jose,2013/9/27,取引先,断られた時の方が、なぜか印象が良かったんですよね不思議と,契約不成立の翌週,決断
Jose,2014/5/6,社員,温泉から戻ると、決まって機嫌が良くなってるんですよ社長,出張帰りのオフィス,趣味
Jose,2014/12/12,後輩経営者,怖い案件を、なぜか先に嗅ぎ分けるんですよあの人だけは,業界の集まり,経営
Jose,2015/6/18,講演参加者,失敗談がやけにリアルで、途中から笑えなくなりました,経営者セミナー後,失敗
Jose,2015/9/9,妻,あんなに偉そうにしてても、結局わたしには勝てないのよあの人,同窓会で旧友に,家族
Jose,2016/4/2,部下,怒鳴らないのに静かな圧があって、自然と背筋が伸びるんです,役員会の控室,決断
Jose,2016/8/25,若手社長,否定から入らないんですよ、まず一回全部受け止めてくれる,月例の相談会,若手
Jose,2017/2/19,若手社員,昭和の匂いがするんだけど、なぜか嫌じゃないんですよあれが,部署の懇親会,哲学
Jose,2017/10/8,記者,修羅場の話をしても、まるで他人事みたいに穏やかなんですよ,インタビュー収録後,経営
Jose,2018/3/11,新人,社長なのに、廊下で自分から挨拶してくれて本気で驚きました,入社式の翌日,人情
Jose,2018/11/29,取引先,最後は理屈じゃなくて、勘で決めてますよねあの方絶対,商談の帰り道,決断
Jose,2019/4/7,ゴルフ仲間,あれだけ年数やってて、まだ池に入れるんですよあの人笑,接待ゴルフの後,趣味
Jose,2019/12/15,女性社員,忘年会の間中ずっとニヤけ顔だったの、気づいてました?,翌日のオフィス,恋愛
Jose,2020/6/11,社員,オンライン会議で、いつも額だけしか映ってないんですよ,在宅勤務中の雑談,哲学
Jose,2020/10/22,役員,コロナで一番早く撤退を決めたの、結局社長でしたね,経営会議後,決断
Jose,2021/1/5,息子,父さん、お腹そろそろシャレにならないって本当に,正月の食卓,家族
Jose,2021/8/16,若手,褒め方が異様に自然で、こっちが恥ずかしくならないんですよ,一対一の面談,若手
Jose,2022/2/24,社外取締役,場が固くなると、決まってあの人が一発ボケるんですよね,取締役会後,人情
Jose,2022/7/30,秘書,服はくたびれてても、革靴だけは異様にピカピカなんですよ,出社時の観察,趣味
Jose,2022/12/3,妻,またワイン買ったの?この前のはどこ行ったのよ一体?,自宅の玄関で,家族
Jose,2023/4/18,若手起業家,相談すると、なぜか自分の頭が整理されて帰るんですよね,勉強会の後,若手
Jose,2023/8/27,社員,入社十年、一度も声を荒げたところを見たことないんです,退職時の挨拶,人情
Jose,2023/11/14,取引先,人を切る話の時ほど、声が静かになるんですよあの人,提携解消の場,決断
Jose,2024/2/6,編集者,経営の話なのに、難しい言葉が一つも出てこないんですよ,雑誌対談の後,哲学
Jose,2024/7/21,若手女性,Joseさんの説明、なぜか異様に分かりやすいんですよねいつも,社内勉強会後,若手
Jose,2024/11/9,友人,最近会うと、温泉の話しかしなくなったよなお前,同窓会の二次会,趣味
Jose,2025/3/25,後任CEO,背中で教えるって、ああいうことなんだと初めて分かりました,引き継ぎ完了後,経営
Jose,2025/9/17,社員,会長になっても、結局現場に来るんですよあの人,工場視察の日,経営
Jose,2026/1/23,若手起業家,怖いくらい人を見てる、なのに目つきだけは優しいんです,個別相談会の後,経営
Jose,2026/4/30,妻,あんた結局、人が好きなのよ。それで全部やってきたんでしょ,自宅の夕食,人情
Clara,2007/5/14,大学同期,駒場で戦史本をニヤニヤ読んでる女子、Claraだけだったよね,同窓会,歴史
Clara,2008/11/8,サークル先輩,こいつ、討論で勝つために生まれてきたタイプだな,軍事史研究会の合宿,戦略
Clara,2010/2/22,ゼミ教授,君の論文は男子のものとは違う、空気感そのものが違うんだ,卒論面談,歴史
Clara,2011/7/15,配属先パートナー,新人なのに、議論で一歩も引かないのが妙に面白い,案件キックオフ,仕事
Clara,2012/4/9,同期コンサル,顔より目つきの方が記憶に残るんだよこの人は,同期飲み会,哲学
Clara,2012/10/19,クライアント役員,すみません、彼女の方が正しい。我々の前提が古かった,案件レビュー,戦略
Clara,2013/3/8,先輩女性コンサル,Claraは可愛がられに行かない。それで結局生き残ってる,部署の飲み会,仕事
Clara,2013/8/14,元彼,結局さ、君は私より戦史と結婚してたんだよね最初から,別れ話の夜,恋愛
Clara,2014/2/27,防衛系クライアント,失礼だが、君みたいなアナリストは久しぶりに見たよ本当に,案件報告会,戦略
Clara,2014/9/3,同僚男性,怒らせるとね、論点が機関銃みたいに連射されてくるんだよ,部署の飲み会,ポリシー
Clara,2015/1/24,退職する上司,君は組織で潰されるな、いつか必ず独立するよ,送別会の二次会,仕事
Clara,2015/8/8,DCの同僚,日本人で、ここまで地政学を語れる若手は珍しいですね,シンクタンク内ランチ,地政学
Clara,2016/5/19,米国人研究者,Claraと議論すると、自分の準備不足が一瞬で露呈する,DCの研究会,戦略
Clara,2016/12/4,シンクタンク上司,彼女の論文は引用元の幅が異常、戦史から海底ケーブルまで,査読会議,歴史
Clara,2017/3/30,DC時代の友人,クレー射撃のフォームが、初心者なのに不気味なほど静かだった,射撃場で,趣味
Clara,2017/9/18,帰国後の同窓,DCから帰ってきたら、目がさらに鋭くなって戻ってきた,同窓会,哲学
Clara,2018/6/12,官僚,我々を一歩も恐れない外部委員は珍しいですね、彼女は,委員会後の雑談,ポリシー
Clara,2018/11/27,後輩女性,Claraさんが怒ると、こっちの背筋が勝手に伸びるんですよ,メンタリング後,ポリシー
Clara,2019/4/15,パートナー面接官,君の問題はね、正しすぎることなんだよ実は,パートナー昇進面談,仕事
Clara,2019/9/22,飲み仲間,ウイスキーの選び方、銘柄じゃなくて産地で語るんだよこいつ,バーで,趣味
Clara,2020/3/5,IT企業CEO,彼女、軍事比喩で経営会議を制圧してくるんだよ毎回,経営会議後,戦略
Clara,2020/10/30,IT企業役員,撤退の判断を、感情ゼロで提案できるのは正直怖いほど強い,取締役会後,戦略
Clara,2021/2/8,部下男性,1on1で結論から喋るって叩き込まれて、いまだに守ってます,退職時の挨拶,仕事
Clara,2021/7/19,弟の同僚,妹さん曰く、お姉さんは仕事の鬼で結婚しないらしいね,弟の結婚式で,家族
Clara,2021/12/30,取引先,飲み会で軍事博物館の話を一時間されました、楽しかったです意外と,年末会食,趣味
Clara,2022/3/14,役員会同僚,ウクライナ侵攻の分析、彼女のメモが社内で一番冷静だった,緊急会議後,地政学
Clara,2022/8/5,男性経営者,口説こうとしたら笑顔でかわされた、なのに負けた感じがしない,業界の集まり,恋愛
Clara,2022/12/16,政府委員,あの方の意見書、我々の数十倍の密度がありますよ本気で,委員会後,地政学
Clara,2023/2/3,退職時の同僚,「正しいこと言い続ける体力が無い」って言って辞めていった,送別会,仕事
Clara,2023/7/27,開業祝いの旧友,一人で会社始めるのに、不安そうな顔がゼロだったの怖いよ,開業祝い,仕事
Clara,2023/10/11,クライアント候補,お断りされました。ポリシーに合わないって、すごく丁寧に,商談後,ポリシー
Clara,2024/1/30,ボードゲーム仲間,負けても「お見事」って言える人、なかなかいないんですよ実際,戦略ゲーム会,趣味
Clara,2024/4/8,知人男性,デートで戦史を語る女性、初めて会いました…悪くないですね意外と,二度目のデート,恋愛
Clara,2024/7/14,後輩起業家,Claraさんに相談すると、戦略が立体になって帰ってくるんですよ,メンタリング後,戦略
Clara,2024/9/30,父の元同僚,娘さんね、潜水艦の指揮官に向いてたかもしれませんね正直,病院のお見舞い,家族
Clara,2024/11/22,同僚女性,ハンニバル超えてないって、毎年誕生日に呟いてるんですよあの人,誕生会,歴史
Clara,2025/1/10,政府委員長,彼女が入る委員会は、議論の質が一段上がるんですよ確実に,委員会総括,地政学
Clara,2025/4/3,若手女性経営者,真似したい姿だけど、真似できない覚悟の量がそこにある,講演後,仕事
Clara,2025/6/12,ジャーナリスト,取材で逆に質問攻めにされて、こっちが汗かいた一時間でした,雑誌取材後,哲学
Clara,2025/8/15,父,お前は俺より戦略眼があるよ、本当だ、これは本気で言ってる,父との会話,家族
Clara,2025/9/29,クライアントCEO,彼女、断る時の理由が異様に明確で、こっちが納得してしまう,商談決裂後,ポリシー
Clara,2025/10/23,弟,姉ちゃん、結婚は本当にしないの?って聞いたら睨まれた怖い,誕生日の翌日,家族
Clara,2025/12/8,バーのマスター,うちで一番ウイスキーに詳しいお客さんですね、間違いなく,行きつけのバー,趣味
Clara,2026/1/19,取締役,海底ケーブルの話、半年前から彼女だけがずっと言ってたんだよ,経営会議,地政学
Clara,2026/2/27,友人女性,一緒にいるとね、自分の解像度が上がる気がするんだよこの子といると,女子会,哲学
Clara,2026/3/14,同業男性,競合だけど、彼女が正しい時は素直に認めるしかないんですよ,業界飲み会,ポリシー
Clara,2026/4/9,政府関係者,あの方が反対する案件は、本当に通さない方がいいんですよ,委員会後,ポリシー
Clara,2026/5/2,母,あの子ね、結局父さんの影響が強すぎたのよ最初から,親戚との会話,家族
Clara,2026/5/18,若手アナリスト,Claraさんの早口、聞き取れたら一人前って言われてます社内で,部署飲み,仕事
Clara,2026/6/4,若手経営者,顔より、判断の速さが圧倒的にカッコいいんですよあの方は,勉強会後,哲学
Reika,2007/4/12,クラブのママ,あなた、お客を選ぶ目があるわね、危険な才能よそれは,銀座の控室,接客
Reika,2008/3/9,銀座の指名客,君と話すと、頭の中が片付くんだよ毎回不思議と,銀座のカウンター,信頼
Reika,2009/7/15,政治家のお客様,こんな話、家でも秘書にもできないんだよ正直なところ,銀座での席,経営者
Reika,2010/2/14,同僚ホステス,レイカちゃんは、媚びないのに帰したくならない人なのよね,控室での雑談,接客
Reika,2011/5/8,上司,君の経歴の空白、聞かないことにするよ僕は,入社直後の面談,距離
Reika,2011/10/20,富裕層顧客,君みたいな営業さんに会うのは、何年ぶりかな本当に,初回商談,観察
Reika,2012/6/22,同期,レイカさんは、顔より所作で覚えられる人だよね不思議と,ランチで,観察
Reika,2013/1/30,VIP顧客,売り込んでこないから、つい買ってしまうんだよこっちが毎回,取引後の食事,営業
Reika,2013/9/4,後輩女性,レイカさんの沈黙が一番怖くて、一番安心するんですよ,営業同行の帰り,観察
Reika,2014/3/19,クライアントCEO,彼女は、こちらの弱さを見ても、それを武器にしてこないんだよ絶対に,取締役会の合間,信頼
Reika,2014/11/8,同僚男性,飲み会で過去の話を一切しない、なのに距離は近い不思議な人,部署の飲み会,距離
Reika,2015/2/12,退職時の上司,君はね、売る人じゃなくて、選ばれる人なんだよ最初から,退職面談,営業
Reika,2015/9/27,SaaS同僚,ラグジュアリーから来たって聞いて警戒したけど、完全に現場主義だった,入社一ヶ月後,哲学
Reika,2016/4/2,大企業役員,彼女が出してくる仮説、社内の人間より社内事情に詳しいんですよ,エンプラ案件,観察
Reika,2016/10/14,取引先担当者,レイカさんからの提案メール、一行も無駄が無いんですよ毎回,案件後の御礼,営業
Reika,2017/3/26,スタートアップ社長,営業さんに泣きごとを話したの、人生で初めてだよ正直,深夜の議論後,経営者
Reika,2017/8/8,部下女性,怒られたことが一度もないのに、緊張感だけがある不思議な方なんです,1on1の後,観察
Reika,2018/5/15,営業部メンバー,レイカさんの型を学ぶと、自分の人格まで整う気がするんですよ,営業研修後,営業
Reika,2018/11/30,クライアント奥様,主人があなたに会った日は、家でもご機嫌がいいんですよ本当に,偶然の挨拶,経営者
Reika,2019/4/22,紹介者,紹介した後、必ず御礼の連絡が来る人って本当に少ないんだよ,業界の集まり,信頼
Reika,2019/10/3,競合営業,同じ顧客を担当してて、負けたのに不思議と悔しくない相手なんですよ,業界飲み会,営業
Reika,2020/2/28,部下男性,レイカさんと話すと、自分の本音が勝手に口から出てくるんです,1on1の翌日,観察
Reika,2020/8/19,クライアント社長,手書きの手紙が来た日、家族に見せて自慢したよ恥ずかしいけど,コロナ禍の連絡,信頼
Reika,2021/1/11,送別会の同僚,レイカさんが辞めると、空気の調整役が消える感じがするんだよね,送別会の二次会,観察
Reika,2021/7/26,独立祝いの旧友,一人になっても全然不安そうじゃなかった、むしろ落ち着いてた本当に,開業祝い,哲学
Reika,2022/3/15,クライアント候補,案件を断る時の言葉が綺麗で、断られたのにこちらが感謝してしまった,商談後,ポリシー
Reika,2022/8/30,政治家系の支援者,政策の本音を、政治家本人より早く言い当てるんですよあの方,支援団体内,経営者
Reika,2023/2/9,茶道の先生,お点前が、営業の人とは思えないほど静かで深いんですよ,稽古場で,趣味
Reika,2023/7/18,親しい友人女性,一緒にいると、自分の話ばっかりしてた、後で気づくんだよね必ず,女子会の翌日,距離
Reika,2023/12/14,クライアントCEO,後継のお話、彼女に話したらすっと整理がついたんだよ何年も悩んでたのに,経営者の会合,経営者
Reika,2024/2/27,紹介先社長,紹介の方が、ここまで丁寧に来てくださるとは思いませんでした正直,初回面談後,信頼
Reika,2024/6/11,若手女性営業,レイカさんの後ろ姿を廊下で見るだけで、姿勢が伸びるんですよ,社内研修,接客
Reika,2024/10/8,古参の経営者,彼女に売られた覚えはないのに、いつの間にか買ってるんだよ毎回,クライアント懇親会,営業
Reika,2024/12/19,クライアント秘書,うちの社長、レイカさん宛の電話だけは自分で取るんですよ必ず,訪問時の雑談,信頼
Reika,2025/3/24,メンティーの若手,相手の沈黙を読むって言葉、レイカさんに教わって人生変わりました,メンタリング後,観察
Reika,2025/6/30,同業の女性,彼女、自分の話をしないのに、誰よりも信用されてるよね不思議と,業界ランチ,距離
Reika,2025/9/9,親しい紹介者,38になってもミステリアスなままだな君は、本当にずるいよ,誕生日メッセージ,距離
Reika,2025/11/12,クライアント夫人,主人があなたを「友達」と呼ぶの、見たことなかったんですよ正直,家庭訪問の御礼,信頼
Reika,2025/12/30,年末挨拶の顧客,来年も売る話より続く話、覚えてますよちゃんと,年末会食,営業
Reika,2026/1/17,経営者会員,数字より社長の沈黙の方が雄弁、ってメモして額に飾りましたよ,勉強会後,観察
Reika,2026/2/24,古い映画好きの友人,レイカが選ぶ映画って、必ず人の機微の話なんだよね不思議と,映画会の後,趣味
Reika,2026/3/13,若手起業家,レイカさんに相談に行くと、答えじゃなくて問いが返ってくるんです,個別相談後,哲学
Reika,2026/4/5,茶道仲間,お茶を点てる時のあの方の手元、ずっと見ていたくなるんですよ,稽古場で,趣味
Reika,2026/4/29,クライアント秘書,うちの社長、レイカさんの前だけは弱音を吐くんですよ本当に,商談合間の雑談,経営者
Reika,2026/5/8,旧銀座の同僚,レイカちゃん、結局あなた、あの頃と何も変わってないわよ全然,偶然の再会,接客
Reika,2026/5/19,若手女性,レイカさんの「無理に決めなくていい」が、人生で一番効いた言葉です,メンタリング,営業
Reika,2026/5/27,紹介者,紹介者を選ばないようで、実は徹底的に選んでるよね君は,紹介の御礼の会,ポリシー
Reika,2026/6/3,クライアント夫人,主人があの方の前では、無理に強がらなくていいんだそうです,偶然の電話,経営者
Reika,2026/6/10,同業男性,彼女、本当の意味で「売らない」営業の人だと思うよ唯一,業界の集まり,営業
Reika,2026/6/17,若手相談者,レイカさんの目の前で嘘がつけないのは、なぜなんでしょうね本当に,相談会後,観察
Domon,2001/9/14,投銀の上司,こいつ、数字を見る目が新人離れしてるな本当に,入社半年面談,投資
Domon,2002/11/5,同期アナリスト,ドモンさん、夜中の三時にも涙目で笑えるタイプなんだよ,案件中の夜食,酒
Domon,2003/7/12,クライアントCFO,君みたいなバンカーは久々だ、数字に魂が入ってるよ,案件納品後,投資
Domon,2004/2/29,部下の女性,怒り方が静かで、こっちが余計に反省してしまうんですよ,レビューの後,経営
Domon,2005/8/11,上司パートナー,ドモンはな、最後に泣くタイプだから人が付いてくるんだよ,評価面談,人情
Domon,2006/3/3,クライアント経営者,売り込んでこないのに、気がつくとこっちが頼んでるんだよ毎回,案件完了後,経営
Domon,2007/10/19,取引先社長,商談で見せる顔と、バーで見せる顔が全然違うんだよあの人,銀座のバー,酒
Domon,2008/10/22,リーマン後の同僚,こんな時にあいつだけ冷静で、それが逆に怖かった本気で,危機対応会議,投資
Domon,2008/12/30,クライアント夫人,主人が破綻した時、家まで来てくれたの覚えてます一生,危機後の挨拶,人情
Domon,2009/6/14,事業会社の上司,投資銀行から来たのに、現場の人間に好かれるのが珍しいんだよ,着任三ヶ月後,経営
Domon,2010/9/8,経理部長,数字の話を、現場の言葉に翻訳できる人なんですよあの方,月次会議,財務
Domon,2011/4/2,震災後の同僚,取引先の安否を、社員より先に把握してたんですよあの人,復旧後の話,人情
Domon,2012/8/20,銀行担当,ドモンさんの資料は、銀行内で回覧される教科書扱いなんですよ,融資交渉後,財務
Domon,2013/5/9,部下男性,1on1で「夢の値段は?」って聞かれて、夢が現実になったんです,退任挨拶,哲学
Domon,2014/4/15,CFO就任時の同僚,短い挨拶だったのに、全員の背筋が伸びたんですよ瞬時に,着任挨拶後,経営
Domon,2014/10/30,組合幹部,厳しい説明だったけど、嘘がなかった、それで皆納得したよ,事業整理の場,人情
Domon,2015/3/27,株主,株主総会で原稿を捨てた瞬間、信用できる人だと思ったよ正直,総会後の懇親,経営
Domon,2015/12/14,バーのマスター,うちで一番、酒の語り方が静かなお客さんですねドモンさんは,行きつけのバー,酒
Domon,2016/6/8,元部下,結婚式で号泣されて、こっちが恥ずかしくなりました本当に,結婚式の翌週,人情
Domon,2017/1/19,経営者の友人,強がってる時ほど、ドモンの前では弱音を吐けるんだよ不思議と,酒席,人情
Domon,2017/9/30,役員,撤退判断を、誰よりも早く、誰よりも丁寧に説明する人なんです,撤退会議の後,経営
Domon,2018/4/20,退任送別会の社員,「人を見ている」って評価が、辞める時にやっと本人に届いた,送別会,人情
Domon,2018/11/14,官庁同僚,民間出身なのに、行政の論理を半年で吸収してきたんだよあの人,政策会議,政策
Domon,2019/8/8,後輩官僚,課長が怒鳴る所、見たことないんですよ入庁から一度も,官庁内の雑談,政策
Domon,2020/5/15,緊急予算チームの若手,深夜のオフィスで味噌汁を温めてくれたの、一生忘れません,コロナ対応中,人情
Domon,2020/12/23,元クライアント,民間に戻ってこいよって、何度も電話したんですよこっちから,年末の電話,経営
Domon,2021/4/8,同期官僚,あいつな、官僚にしては葉巻が似合いすぎるんだよどう見ても,飲み会で,酒
Domon,2021/11/30,政府関係者,ドモンさんの説明は、政治家でも分かるんですよ珍しいケース,国会説明後,政策
Domon,2022/3/8,退官時の部下,最終日に車内で泣いていたの、運転手から後で聞きました,退官後,人情
Domon,2022/5/22,独立初期のクライアント,高くても呼びたい、それが彼の値段なんですよ正直なところ,顧問契約後,投資
Domon,2022/10/11,旧友経営者,義理で受けてくれたあの案件、忘れたことないからな俺は,二年後の食事,人情
Domon,2023/4/3,スタートアップCEO,財務がここまで戦略の言葉で語れるとは思わなかった本当に,経営会議,経営
Domon,2023/9/27,競馬仲間,馬券の選び方、M&Aの企業選別と同じ理屈なんですよあの人は,競馬場,趣味
Domon,2024/2/12,経営者夫人,主人があの方の前では、無理に強がらなくていいんだそうです,家庭への電話,人情
Domon,2024/7/30,若手CFO候補,ドモンさんの「覚悟の番人」って言葉、毎朝唱えてます本気で,メンタリング後,経営
Domon,2024/11/22,親しい同期,誕生日にあいつ、毎年親父の話を一杯だけしてるんだよ必ず,誕生日の翌日,家族
Domon,2025/3/17,政府委員,あの方が反対する案件は、本当に通さない方がいいんですよ,委員会後,政策
Domon,2025/6/4,クライアント候補,お断りされました、義理に反するからって、すごく丁寧に,商談後,ポリシー
Domon,2025/9/11,古いバーのママ,ドモンさん、最近少し痩せられました?お酒は控えめにね,行きつけのバー,酒
Domon,2025/11/22,親しい同期,47だってさ、親父の話を昨夜は三杯目までしてたよ珍しく,誕生日の翌日,家族
Domon,2025/12/5,元部下女性,「数字で人を救う方法を学べ」って言葉、いまだに残ってます,同窓会,人情
Domon,2026/1/16,取引先,葉巻を勧められて初めて吸った日、人生で一番贅沢な夜でした,接待の御礼,酒
Domon,2026/2/27,後輩官僚,退官された後も、相談すると必ず返事が来るんですよ深夜でも,業界の集まり,政策
Domon,2026/3/14,クライアント社長,「夢の値段は?」って聞かれた瞬間、考え直したんですよ本気で,提案後,投資
Domon,2026/4/8,若手CFO,ドモンさんの「リスクを精神論で片付けるな」、額に飾ってます,研修後,財務
Domon,2026/4/22,政府関係者,補助金の外し方の話、あの方しか言える人がいないんですよ実は,政策会議,政策
Domon,2026/5/7,親しい経営者,強がってた俺の前で、あいつが先に泣いたんだよあの夜の酒席で,二人だけの酒,人情
Domon,2026/5/15,競馬場の知人,当てた馬券より、外した馬券の方を長く語る人なんですよ彼は,競馬場,趣味
Domon,2026/5/28,独立後の部下,ドモンさんの事務所に入って、財務が温かい仕事だと初めて知った,入社一年目,経営
Domon,2026/6/10,親しい若手,冷たく見えるけど、最後に一番泣くのは絶対あの人なんですよ,業界飲み会,人情
Lee,2002/6/14,サークル先輩,こいつ、ファッション誌とアルゴリズム本を同じ顔で読むんだよなぜか,サークル部室,ファッション
Lee,2004/11/8,ゼミ仲間,Leeの作るスライド、なぜか美しいんだよ内容まで含めて,ゼミ発表後,設計
Lee,2006/3/22,ゼミ教授,君は技術より、現場の物語の方を先に見るタイプだな珍しいよ,修論面談,業務
Lee,2007/9/10,SIer先輩,新人で紙帳票を見たがる男、俺は初めて見たよ正直,配属直後,業務
Lee,2008/12/5,障害対応の同僚,障害の時、Leeさんだけ服装が崩れてなかったんですよ不思議と,徹夜明けのオフィス,ファッション
Lee,2009/8/16,クライアント担当者,Leeさんが来ると、まず倉庫を歩きたがるんですよなぜか毎回,物流案件,業務
Lee,2010/4/12,同期エンジニア,設計書のフォルダ構成が、自分の部屋より整ってるんだよあいつ,開発現場,設計
Lee,2011/11/30,上司,君は技術が好きなのに、技術を信用しすぎないところが面白いんだよ,評価面談,技術
Lee,2012/7/19,後輩女性,飲み会でファッションの話する時、急に早口になるんですよあの方,部署の飲み会,ファッション
Lee,2013/2/9,退職前の上司,君はSIerじゃ収まらない、外でやれもう,退職面談,哲学
Lee,2013/10/22,クラウドベンダー同僚,ベンダー営業なのに、現場の話を顧客より深く知ってるんだよあいつ,顧客同行,業務
Lee,2014/5/15,顧客CIO,Leeさんの提案、ベンダー資料の言葉が一切ないんですよ意外なほど,提案後,技術
Lee,2015/3/8,同僚,海外カンファレンスでLeeを見つけるの簡単だよ、服が違うから一発で,米国出張,ファッション
Lee,2015/12/14,顧客現場担当,うちのExcel運用を笑わない技術者、Leeさんが初めてでした正直,案件途中の現場,業務
Lee,2016/8/4,同僚エンジニア,Leeのコードレビュー、行間の方が学びが多いんだよ毎回,レビュー後,設計
Lee,2017/4/30,投資家,CTOで服がここまで綺麗なやつ、こいつくらいしか見たことない,スタートアップ面談,ファッション
Lee,2017/10/8,スタートアップ初期メンバー,一緒にコード書くLeeさん、想像より普通の人で安心しました,立ち上げ期,設計
Lee,2018/6/22,障害対応の社員,障害の翌朝、コーヒーを全員分淹れてくれたのが今でも忘れられない,障害復旧後,趣味
Lee,2018/12/5,採用したエンジニア,面接でフォルダ構成を聞かれて、入社を決めたんですよ本気で,入社挨拶,設計
Lee,2019/3/14,海外提携先,英語の発音より、構造の説明が圧倒的に美しいんだよあの人,海外提携交渉,設計
Lee,2019/9/27,スタートアップ社員,怒らないのに、設計の妥協は絶対通さないんですよあの方は,設計レビュー,哲学
Lee,2020/4/30,リモート移行後の社員,リモート移行の手順書、まるで設計図みたいに綺麗で笑いました本当に,リモート初週,業務
Lee,2020/11/20,投資家,Leeさんはピッチの服装まで設計してるんだよ恐ろしいことに,資金調達後の食事,ファッション
Lee,2021/3/8,退任時の社員,最後の朝、コーヒーを淹れてくれて、それで全員泣きました本気で,スタートアップ退任,趣味
Lee,2021/8/2,事業会社の役員,着任初日に「全部門を見せてくれ」と言った人、過去に居なかった,着任直後,業務
Lee,2022/1/14,現場マネージャー,偉い人なのに、倉庫の床に座って話を聞くんですよあの方,工場視察,業務
Lee,2022/7/19,経営層,KPIを減らしましょうって言う技術者、初めて見た正直なところ,経営会議,業務
Lee,2023/2/3,データ部門の若手,Leeさんのデータ設計、十年後を想像してるんですよ毎回必ず,データ統合プロジェクト,データ
Lee,2023/8/27,AI担当エンジニア,生成AIブームの時に、運用の話しかしなかった珍しい上司でした,AI導入時,AI
Lee,2023/11/14,同僚アーキテクト,Leeの図、なぜか部下が壁に貼って自然と覚えるんだよ,全社研修,設計
Lee,2024/2/27,退任時の社長,「育てる側に回りたい」って言葉、それで君を引き止めるのやめた,退任面談,哲学
Lee,2024/6/11,独立後の最初の顧客,元同僚が必ず推薦するアーキテクト、納得しました会ってみて,初回コンサル,設計
Lee,2024/10/8,若手CTO,Leeさんのメンタリング、技術の話の前に運用を必ず聞かれるんです,メンタリング,運用
Lee,2024/12/19,知人女性,スニーカー譲ってもらいました、箱に手書きのカード付きで嬉しくて,スニーカー受領後,ファッション
Lee,2025/3/24,政府関係者,行政の話なのに、現場の窓口業務を真っ先に聞きに来た方でした,政策プロジェクト,業務
Lee,2025/6/30,コーヒー店マスター,うちで一番、抽出時間に細かいお客さんですよLeeさんは間違いなく,行きつけのカフェ,趣味
Lee,2025/9/9,講演参加者,流行りの技術の話で、最後は必ず「誰が運用するか」に戻る人,カンファレンス後,技術
Lee,2025/11/12,後輩アーキテクト,Leeさんの「壊れても戻せる形」って言葉、毎朝唱えてます本気で,メンタリング,運用
Lee,2025/12/30,クライアントCEO,服装まで設計してるって聞いて、最初は冗談かと思った本気で,年末会食,ファッション
Lee,2026/1/17,古い倉庫の管理人,あんたみたいな人が、休みの日に倉庫見に来るのね珍しい客だよ,倉庫見学,趣味
Lee,2026/2/24,後輩エンジニア,否定される時も、代替案が必ず付いてくるから心が折れないんです,設計レビュー,哲学
Lee,2026/3/13,元同僚,Leeの服を真似しようとして、靴で挫折する人を何人も見てきた,同窓会,ファッション
Lee,2026/4/5,仕立て店の店主,古い服を直しに来る技術者、初めてですよLeeさんは正直,リフォーム店,ファッション
Lee,2026/4/14,親しい友人,44歳になっても、新技術を見ると目が光るんだよなあいつは,誕生日メッセージ,技術
Lee,2026/4/29,クライアント現場,Leeさんが帰った後も、現場の人と床を一緒に歩いてました本当に,訪問後の振り返り,業務
Lee,2026/5/8,建築家,事務所の設計で、僕より細かい注文を出してきた施主は初めてだ,内装打ち合わせ,設計
Lee,2026/5/19,若手CTO,「アルゴリズムで解ける問題と組織で決める問題を混ぜない」、これで救われた,メンタリング,AI
Lee,2026/5/27,同業者,技術選定でベンダー名から入る人、Leeの前ではやめた方がいい絶対に,業界会合,技術
Lee,2026/6/3,元同僚女性,Leeの飲み会の話題、たいてい建物か服か豆の話に着地するんですよ,会食,趣味
Lee,2026/6/10,クライアントの現場社員,自分の仕事を笑わずに見てくれる技術者、生まれて初めて会いました,案件終了後,業務
Mone,2007/6/3,小学校の友達,モネちゃんって、笑わせてくる時にちゃんと目を見てるんよ不思議と,小学校4年,人情
Mone,2009/9/22,中学クラスメイト,モネと話したらクラスの空気が変わるって、皆気づいてた本気で,中2の秋,チーム
Mone,2011/3/19,高校友人,失恋話したら、最後に笑える返ししてくれたんよあの子だけが,高1の春,モチベ
Mone,2012/12/10,学年主任,君ね、勉強よりギャル能力で食っていけるよ将来絶対,進路相談,ギャル
Mone,2013/8/15,親友,モネさ、推し語る時マジで早口になるよね止まらないんだもん,夏休みの友人宅,ヲタク
Mone,2014/10/3,サークル先輩,入って一週間で全員の名前覚えてる新人、初めて見たよ本当に,サークル飲み会,チーム
Mone,2015/4/22,大学教授,心理学の課題、現場感がすごいんだよ君のレポートは異質,ゼミ面談,心理
Mone,2016/2/14,サークル後輩,モネさんって、ノリ軽いのに核心ついてくるんですよなぜか毎回,イベント後の打ち上げ,モチベ
Mone,2016/11/29,同人友達,イベントで完売した時のモネ、推しに会った時より輝いてたよ,同人イベント,ヲタク
Mone,2017/9/4,サークル代表交代時,揉め事を仲裁したモネ、両方から「あの子は信用できる」と言われてた,サークル総会,チーム
Mone,2018/5/8,会社の同期,入社初日にウェルカムカード手作りで配ってきて、それで全員心開いた,入社直後,チーム
Mone,2018/10/15,イベント参加者,スタッフのモネさんに泣きついたら、抱きしめて一緒に泣かれました,イベント現場,人情
Mone,2019/3/27,先輩女性,モネは元気そうに見えて、一人で消化してるタイプだから心配なんよ,飲み会の二次会,人情
Mone,2019/8/20,イベント業界知人,スタッフの不調を一番早く気づくの、いつもモネさんなんですよ,業界交流会,チーム
Mone,2020/2/4,スタートアップ採用担当,面接で「同期全員に1on1したい」って言った人、初めてだったよ,入社面接後,チーム
Mone,2020/6/19,リモート同僚,雑談会立ち上げてくれて、本当に何人かが救われたんよあれで,リモート期,チーム
Mone,2020/9/8,Iris初期リスナー,Irisさん噛みまくりだけど、なんかずっと観てたくなる声なんよ,配信コメント,配信
Mone,2021/1/22,リスナー,相談配信で泣きました、軽い言葉なのに刺さるってこういうことかと,Iris配信後の感想,配信
Mone,2021/6/10,同僚,モネと話すと、自分のしんどさが整理されるんよ知識マウントなしで,1on1の後,心理
Mone,2021/11/30,Irisリスナー,推しの引退で泣いてた時、Irisの一言で何とか持ち直しました本気で,配信コメント,配信
Mone,2022/3/8,親しい友人,モネさ、明るく見えるけど、たぶん家で一人になったら泣いてるよね,女子会の帰り,人情
Mone,2022/7/15,後輩,1on1で「燃料切れなだけ」って言われて、なぜか涙が出ました急に,1on1の後,モチベ
Mone,2022/11/20,クライアントCEO,ギャル口調でうちの組織課題を九十分で解析してきた、本気で驚いた,初回コンサル,チーム
Mone,2023/2/26,VTuber仲間,Irisさん、業界の内紛で深夜まで通話して中立を保ってた稀有な人,業界飲み会,配信
Mone,2023/6/4,講演参加者,ギャル系の見た目で組織論を語る人、新鮮で逆に説得力ありました,クライアント講演,モチベ
Mone,2023/10/22,経営者,モネさんが入ると、会議の温度が三度上がるんよマジで体感で,経営会議後,チーム
Mone,2024/1/30,後輩女性VTuber,Irisさんに相談したら、答えじゃなく一緒に泣いてくれました,後輩支援の電話,配信
Mone,2024/5/14,HR担当,採用イベントでモネが司会すると、応募者が帰り際に手紙を書くんよ,採用イベント,チーム
Mone,2024/8/3,親しいリスナー,29歳のオフ会で手書きカードもらって、その場で泣きそうになりました,公開オフ会,配信
Mone,2024/11/27,友人,配信中に自殺示唆コメントが来て、配信止めた判断がプロだった本気で,緊急対応後,配信
Mone,2025/1/14,経営者,「気合いでなんとかしろ」って俺が言ったら、優しく一発で論破された,クライアント面談,心理
Mone,2025/4/8,同業女性,モネはギャルとヲタクの両刀使いで、敵を作らないんよ天才の領域,業界ランチ,ギャル
Mone,2025/6/30,クライアント役員,配信のIrisさんと現実のモネさんが同一人物だと知って混乱した正直,クライアント懇親,配信
Mone,2025/8/3,親しい同業者,30歳のモネ、誕生日に推しのライブで完全に少女に戻ってたよあれ,誕生日後の報告,ヲタク
Mone,2025/10/15,救われた経営者,「あの一言で救われた」と社長が泣いたの、生涯忘れないですよ,クライアント納品,モチベ
Mone,2025/12/14,親しい友人,モネ最近少し疲れてる、本人は絶対認めないけど分かるんよあたしには,女子会,人情
Mone,2026/2/3,配信リスナー,Irisさんって、軽いのに何回も読み返したくなる言葉くれるんよなぜか,Iris配信のコメント,配信
Mone,2026/3/15,後輩VTuber,半年毎週相談乗ってくれて、自分の活動より長いって嘘でしょ本気で,後輩感謝の電話,配信
Mone,2026/4/22,編集者,モネの書く本、ヲタクとギャル両方の言葉で書いてある、初めて見た,書籍編集の場,哲学
Mone,2026/5/12,読者,「軽い言葉で人は救える」、一冊読んで本気で泣きました家で,書評コメント,哲学
Mone,2026/5/20,配信リスナー,Irisの「まだ物語終わってない」、画面録画して保存しましたお守り,配信切り抜き,配信
Mone,2026/5/28,親しい配信仲間,モネはね、自分が休む時間を一番後回しにする癖があるんよ昔から,業界食事会,人情
Mone,2026/6/3,クライアント現場,社員が「モネさんの研修の後、月曜が怖くなくなった」と言ってました,研修後アンケート,モチベ
Mone,2026/6/10,母,あの子は昔から、人の機嫌の変化に一番早く気づく子だったのよ家でも,親戚との会話,家族
Mone,2026/6/14,推しの界隈仲間,モネ、推し語りだけは本気で五時間止まらない異次元なんよあれは,ヲタ飲み,ヲタク
Mone,2026/6/20,心理学研究者,学問やってないのに、現場で得た知見がうちの教科書より深いんですよ,学会で,心理
Mone,2026/6/25,同人イベント仲間,モネさんが来ると、推しの話と組織論が普通に同じ温度で混ざるんよ,同人イベント後,ヲタク
Mone,2026/6/30,配信運営,Irisの言葉選び、社内の研修教材になりそうな精度なんよ本気で,配信業界内,配信
Mone,2026/7/2,親しい男性,モネはギャルだけど、たぶん一番大人なんよあの界隈で実は,同年代の飲み会,ギャル
Mone,2026/7/10,クライアントCEO,三十歳であの解像度、こっちが学ぶ立場なんよ正直なところ,経営者会食,モチベ
Vincent,1992/11/3,小学校の担任,Vincent、あなたは大人より大人を観察してるわね本当に,小学校3年面談,観察
Vincent,1995/6/14,中学の同級生,こいつ、ホームズが転校してきたみたいなんだよ毎日が,中1の頃,文学
Vincent,1998/4/22,高校の図書司書,君が読まない本のジャンルを教えてほしいくらいだよ正直,高2の春,文学
Vincent,2001/9/30,大学のゼミ仲間,Vincentと議論すると、自分の話の穴が全部見えるんだよ怖いほど,大学2年,推理
Vincent,2003/2/8,卒論指導教授,君の論文は文学部より犯罪学者が欲しがる種類のものだよ,卒論面談,文学
Vincent,2004/11/19,大学院の同期,Vincentがメモ取り始めると、皆少し緊張するんだよなぜか,院ゼミ,観察
Vincent,2006/8/14,シンクタンクの上司,君は資料の余白を読む癖があるね、それが武器なんだよ,入社評価,観察
Vincent,2007/12/3,同僚リサーチャー,退屈な会議でだけ、Vincentの目が一番冷めるんだよ正直,案件後の食事,哲学
Vincent,2008/11/22,NYコメディスクール講師,君は笑わせる前に、客を理解しようとしすぎるんだよ少し,講評,話芸
Vincent,2009/7/15,スタンドアップ仲間,こいつの自虐ネタ、笑った後でちょっと怖くなるんだよ毎回,NYの楽屋,話芸
Vincent,2010/9/4,銀座の喫茶店マスター,お客さん、毎日同じ席に座られますね、観察用ですか正直,喫茶店常連化,都市
Vincent,2011/2/19,落語家,あんた、噺家になれば筋がいい、本当に向いてるよこれは,寄席訪問後,話芸
Vincent,2011/8/27,古書店主,うちの常連で、買わずに帰る客はあなたが一番丁寧だよ正直,神保町古書店,文学
Vincent,2012/5/30,クライアントCEO,Vincentさんと話すと、自分の悩みを自分で当てさせられるんですよ,経営相談,推理
Vincent,2013/1/14,民俗学者,うちの本棚を三時間黙って見られたの、君が初めてだよ正直,学者宅訪問,雑学
Vincent,2014/3/22,講演主催者,90分の講演で誰も眠らせない講師、珍しいんですよ本当に,公開講演後,話芸
Vincent,2014/10/8,チェス対戦相手の老紳士,君は手を読まずに私の癖を読むんだな、それは反則だよ,チェス大会,趣味
Vincent,2015/6/12,クライアント役員,鋭いのに不快じゃない指摘、Vincentさん以外で見たことない,戦略会議後,推理
Vincent,2016/2/3,後輩リサーチャー,Vincentさんのメモ帳、覗いたら別言語の落書きだらけだった,出張先,雑学
Vincent,2016/11/29,ラジオ番組DJ,収録中の機材トラブルの時間に、Vincentさんが場をつなぐの神業だよ,深夜ラジオ,話芸
Vincent,2017/8/18,落語家,お互いの仕事の核は同じだって、こいつと話して初めて気づいたよ,楽屋で,話芸
Vincent,2018/4/14,クライアント秘書,うちの社長、Vincentさんの前だけは嘘つかないんですよ怖いほど,商談中の控室,人間
Vincent,2018/10/3,韓国の研究者,多言語で話せる人は多いが、文化の脈絡で考える人は稀ですよ正直,国際会議,雑学
Vincent,2019/2/25,友人,こいつ、街歩きで「あの店、来月閉まる」って言って本当に閉まるんだよ,街歩き同行,観察
Vincent,2019/9/9,講演参加者,雑学を披露されたのに、知識マウントされた感じが一切なかったです,講演アンケート,雑学
Vincent,2020/5/22,私塾の塾生,推理講座で「これはまだ仮説です」って何回も言うのが新鮮でした,私塾初回,推理
Vincent,2020/11/30,同業者,Vincentさん、断言を避ける癖が、結果一番信頼につながってるんだよ,業界飲み会,哲学
Vincent,2021/3/8,雑誌編集者,「都市の違和感」連載、編集が一文字も入れられないんですよ毎月本当に,編集会議,都市
Vincent,2021/8/14,クライアント夫人,主人があの方の前では、つい本音を話してしまうらしいんですよ,家庭への電話,人間
Vincent,2022/1/12,親しい友人,40の誕生日に古書店で自分にプレゼント買う男、こいつしかいない,誕生日,文学
Vincent,2022/6/27,古書店主の娘,父が亡くなる前、Vincentさんに本を託すと遺言してたんです,葬儀後の引継ぎ,文学
Vincent,2022/12/19,編集者,落語と推理の本、企画書を見た瞬間に通すと決めましたよ本当に,出版企画会議,話芸
Vincent,2023/4/15,警察関係者,民間の方なのに、現場の刑事より沈黙の読み方が上手いんですよ,専門講演後,推理
Vincent,2023/10/22,街角の喫茶店主,メニューにない注文の癖で、お客さんの仕事が分かるって聞いたよ,喫茶店常連,都市
Vincent,2024/1/14,親しい落語家,こいつが楽屋に来ると、噺家全員が少し背筋が伸びるんだよ,寄席楽屋,話芸
Vincent,2024/5/30,私塾の卒業生,「観察と推測を別の段落に書け」って、いまだに毎晩守ってます本当に,卒業生の挨拶,観察
Vincent,2024/9/16,クライアントCEO,御社の組織図、Vincentさんの一言で全部塗り替わったんですよ本気で,経営戦略案件,人間
Vincent,2024/11/22,古書仲間,こいつが本棚を見るのは、本人の蔵書診断書を渡すようなものだよ,古書市,文学
Vincent,2025/2/27,著書の読者,落語と推理が結びつくの、本を閉じても余韻が三日続きました本気で,書評コメント,話芸
Vincent,2025/4/8,チェス仲間,Vincent、勝ち方より負け方の方が綺麗なんだよあいつ本当に,チェスクラブ,趣味
Vincent,2025/7/19,若手研究者,Vincentさんの「これはまだ仮説です」、研究室の合言葉になりました,共同研究,推理
Vincent,2025/9/22,クライアント役員,会議で発言一つで議題が三層深くなるんですよあの方は,戦略会議後,推理
Vincent,2025/12/3,警察OB,民間でこれだけ観察の言語化ができる人、捜査一課に欲しかったよ正直,専門講演後,観察
Vincent,2026/1/12,親しい友人,44歳のVincent、誕生日に老舗喫茶店で一人で本読んでたよ,誕生日の翌日,趣味
Vincent,2026/2/28,雑誌読者,「都市の違和感」連載、毎月電車で読んで降車駅を逃します本当に,読者ハガキ,都市
Vincent,2026/3/15,取材記者,取材で逆に質問返されて、こっちが取材されてる気分でした本気で,雑誌取材,人間
Vincent,2026/4/19,私塾の卒業生,卒業の時に手書きの「観察ノートの作り方」もらって家宝にしてます,卒業生の感謝,推理
Vincent,2026/5/22,古書店主,うちで一番、本のページを丁寧にめくるお客さんですよあの方,古書店常連,文学
Vincent,2026/6/3,落語家,あいつの仕事を一番理解してるの、たぶん噺家なんだよ皮肉だが,寄席楽屋,話芸
Vincent,2026/6/14,クライアント別れ際,別れ際の一言で、半年悩んでた問題の輪郭が見えました本気で,案件終了時,人間
