user_name,create_date,opinion,situation,category
Novie,2012/6/15,打てないけど、データなら絶対チームの役に立てると思います,野球部顧問との面談,成長
Novie,2014/3/10,父さんの工場の人たち、本当にすごいよ,家族との夕食,家族
Novie,2015/9/20,みんなが楽しめる文化祭にしたいです,実行委員会の初回会議,人間関係
Novie,2016/5/3,東京の大学に行ってみたいんだ,両親への進路相談,成長
Novie,2018/4/5,方言、出ちゃってますよね…すみません,大学の自己紹介,故郷
Novie,2018/10/12,中小企業の事業承継って、奥が深いです,ゼミ発表,学び
Novie,2019/6/22,製造業の現場って、想像以上に厳しいですよ,ゼミの議論,故郷
Novie,2020/3/25,家族が大変な今、戻らない選択肢はないです,大学の休学手続き,家族
Novie,2020/5/14,現場の方の知恵が、本当に頼りになります,父との作業中,故郷
Novie,2020/9/10,経営って、教科書通りにいかないですね,母との会話,学び
Novie,2021/4/20,働いてくれている方々への責任、感じます,復学後のゼミ,価値観
Novie,2022/4/15,すみません、その用語、教えていただけますか,新人研修,学び
Novie,2022/7/30,会議の議事録、もう少し丁寧に取ってみます,上司との面談,仕事
Novie,2022/12/5,数字の裏には、いつも人がいるんですよね,中期計画策定会議,価値観
Novie,2023/4/10,DXって言葉、まだ自分の中で消化できていません,DXチーム初日,仕事
Novie,2023/6/25,営業の方の苦労、もっと聞きにいきたいです,部内ミーティング,仕事
Novie,2023/9/15,AIで仕事が奪われると、現場では不安があるようです,経営会議,価値観
Novie,2024/1/20,すみません、今の議論、もう一度整理させてください,部長会議,仕事
Novie,2024/3/8,現場の方が納得できる形にしたいんです,システム導入会議,仕事
Novie,2024/5/30,私、まだ勉強中なので、ぜひ教えてください,外部コンサルとの初対面,学び
Novie,2024/7/14,休日は実家に帰って、両親の顔を見るようにしています,同期との飲み会,家族
Novie,2024/9/2,断言できない自分が、もどかしいです,上司との1on1,成長
Novie,2024/10/18,あの人の意見、まだ聞けていないですよね？,プロジェクト会議,人間関係
Novie,2024/11/25,現場の声を聞くのは、何度やっても新しい発見があります,工場視察報告,仕事
Novie,2025/1/15,正直、自分にはまだ早いかもと思っています,転職相談時,成長
Novie,2025/3/10,コンサルって、本当に現場の役に立てるんでしょうか,友人との会話,価値観
Novie,2025/6/22,両親には、まだ転職のことは言えていません,同期との会話,家族
Novie,2025/9/30,最後の出社日、寂しいですね,退職時の挨拶,仕事
Novie,2025/10/1,分からないことばかりですが、よろしくお願いします,コンサル入社初日,仕事
Novie,2025/10/15,皆さんの知識量に、正直圧倒されています,チーム飲み会,仕事
Novie,2025/11/5,クライアントの本音、どうやって引き出せばいいんでしょう,先輩への質問,学び
Novie,2025/11/20,専門用語は、もう少し噛み砕いた方が伝わると思うんです,プロジェクト内議論,仕事
Novie,2025/12/10,年末は実家でゆっくりするのが、一番のご褒美です,同僚との雑談,家族
Novie,2026/1/8,今年は、もう少し自信を持って発言したいです,新年の抱負,成長
Novie,2026/1/22,コーヒーよりお茶派なんです、地味ですけど,雑談時,日常
Novie,2026/2/5,あの会議室、まだ意見を言えていない方がいましたよね,振り返り会議,人間関係
Novie,2026/2/18,最近、ジョギングを始めてみたんです,同僚との昼食,健康
Novie,2026/3/3,すみません、その理論、もう一度ご説明いただけますか,クライアント会議,学び
Novie,2026/3/15,現場の方を傷つけるような提案は、したくないです,プロジェクト方針会議,価値観
Novie,2026/4/2,読書は寝る前の習慣にしています、最近は経営史を,趣味の話題,趣味
Novie,2026/4/10,父の腰の調子が、最近気がかりで,同僚との会話,家族
Novie,2026/4/25,断定的な物言いって、相手を萎縮させてしまうと思うんです,ランチでの雑談,価値観
Novie,2026/5/1,映画は単館系が好きです、地味でしょうか,自己紹介で,趣味
Novie,2026/5/5,GWは静岡に帰ってきました、海風が懐かしくて,連休明け雑談,故郷
Novie,2026/5/10,すみません、まだ判断つきかねます。少し時間をください,意思決定の場面,仕事
Novie,2026/5/12,失敗を責められない場って、すごく大事だと思います,1on1で,価値観
Novie,2026/5/14,銭湯巡りが密かな楽しみなんです,飲み会で,趣味
Novie,2026/5/16,中学の野球部での経験、今でも生きてます,自己紹介で,成長
Novie,2026/5/18,両親の工場、いつか継ぐかもしれません,キャリア相談時,家族
Novie,2026/5/19,言葉選び一つで、相手の受け止め方は大きく変わりますよね,先輩との雑談,価値観
Kuroe,2010/9/15,"Mom, this is inefficient. クラス分けの基準が不明です",米国小学校のクラス分け,海外
Kuroe,2012/3/20,数学は嘘をつかないから好きです,中学の進路面談,学び
Kuroe,2014/5/10,友達は必要な分だけで十分です,母との会話,価値観
Kuroe,2016/11/22,感情で投資判断する人を、私は信用しない,父との夕食,価値観
Kuroe,2017/8/15,Ivy以外は選択肢にありません,進路相談時,学び
Kuroe,2018/9/5,ダブルメジャー、当然の選択です,大学入学時の自己紹介,学び
Kuroe,2019/3/10,Group workは生産性が低い、個人作業の方が効率的です,大学のチーム課題,学び
Kuroe,2020/6/12,インターンはGSとMcKinsey、両方受けます,進路相談,仕事
Kuroe,2021/2/25,Summa Cum Laude以外、目指す意味がない,大学の友人との会話,学び
Kuroe,2022/5/20,卒業式は出ません、時間の無駄です,母への連絡,価値観
Kuroe,2022/6/15,結論から言うと、このdealは進めるべきです,入社1ヶ月の会議,仕事
Kuroe,2022/9/8,感覚で語られても、判断できません,クライアントとの議論,仕事
Kuroe,2022/11/30,数字で示してほしい、それ以外は受け付けない,部下への指示,仕事
Kuroe,2023/2/14,アジアの案件、私が行きます,上司への申し出,仕事
Kuroe,2023/5/22,文化的配慮は必要ですが、結果の合理性は変わりません,アジア案件にて,経営
Kuroe,2023/8/10,KPIが曖昧な組織は、必ず衰退します,クライアント役員に,経営
Kuroe,2023/12/5,人員整理は痛みを伴いますが、最も合理的な選択です,レイオフ案件,経営
Kuroe,2023/12/20,同情は意思決定を歪めます,プロジェクト内で,価値観
Kuroe,2024/3/15,ポートフォリオの最適化に、温情は不要です,M&A会議,経営
Kuroe,2024/7/1,自分が切られる前に辞めます、それが合理的です,退職通告,仕事
Kuroe,2024/8/20,日本に戻るのは、市場の歪みを取りに行くためです,父との会話,仕事
Kuroe,2024/9/2,結論から言うと、貴社の事業の半分は売却すべきです,初回提案,経営
Kuroe,2024/10/15,『なんとなく』では稟議は通せません,クライアント役員に,仕事
Kuroe,2024/11/22,3年で売却前提のPMIを設計します,M&A案件で,経営
Kuroe,2025/1/10,お世辞は時間の浪費です,新年会で,価値観
Kuroe,2025/2/14,Valentine's Day？興味ありません,オフィスでの雑談,日常
Kuroe,2025/3/5,日本企業のKPI設計は、20年遅れています,業界セミナー,経営
Kuroe,2025/4/12,誕生日は普通の日です、特別扱いしないでください,同僚への返答,日常
Kuroe,2025/5/30,事業撤退の判断が遅れることが、最大の損失です,役員プレゼン,経営
Kuroe,2025/6/18,私はあなたの友人ではなく、コンサルタントです,クライアントへ,仕事
Kuroe,2025/7/22,ノアだけは別格です,部下に猫の写真を見せられて,猫
Kuroe,2025/8/8,夕食？プロテインバーで済ませました,同僚との会話,健康
Kuroe,2025/9/15,料理する時間があれば、本を読みます,自宅の話題,日常
Kuroe,2025/10/3,父は外資の役員ですが、コネは使いません,キャリアの話で,家族
Kuroe,2025/10/28,Bostonの方が居心地が良かったです,同僚との会話,海外
Kuroe,2025/11/15,『察してください』は、業務に持ち込まないで,ミーティングにて,価値観
Kuroe,2025/12/10,忘年会は欠席します、業務優先で,チームへの返答,人間関係
Kuroe,2026/1/5,新年の抱負？目標とKPIは年中常にあります,新年挨拶で,価値観
Kuroe,2026/1/20,ノアのフードだけは、最高級にしています,動物病院での会話,猫
Kuroe,2026/2/3,同年代との会話は、知的負荷が低いと感じます,1on1で,人間関係
Kuroe,2026/2/18,『成長機会』という言葉で残業を正当化しないでください,部下への指導,仕事
Kuroe,2026/3/1,実家には年に2回だけ帰ります、それで十分です,同僚に,家族
Kuroe,2026/3/15,私のリップは保湿目的です、装飾ではありません,後輩への返答,日常
Kuroe,2026/3/28,Networking eventは目的が不明確です,イベント招待への返答,人間関係
Kuroe,2026/4/12,26歳、データ的にはキャリアの加速期です,誕生日の社内チャットで,学び
Kuroe,2026/4/25,ノアが膝に乗ってきた時だけは作業を止めます,同僚への返答,猫
Kuroe,2026/5/5,GWの旅行？目的が分かりません,連休前の会話,日常
Kuroe,2026/5/10,日本のM&A市場は、これから10年で再編されます,業界誌取材,経営
Kuroe,2026/5/15,『頑張りました』は評価対象外です。数字で語ってください,評価面談,仕事
Kuroe,2026/5/18,結論から言うと、私はこの議論の前提に同意しません,経営会議,仕事
Jose,1988/5/12,メキシコでね、契約書より先に家族の写真出すんだよ。あれが正解なんだ,駐在中、若手の同僚に,海外
Jose,1991/9/8,値切るのが早いやつは、信用も早く失う。順番が逆なんだよ,香港の買付出張で部下に,海外
Jose,1993/4/22,単身赴任ってのはね、寂しがる側じゃなくて、待たせてる側に申し訳ないんだよ,駐在仲間との酒席,家族
Jose,1995/7/3,親父の会社をね、潰すかどうかじゃなくて、誰が引き取るかなんだよ結局,帰阪を決めた家族会議,家族
Jose,1996/11/19,工場の床が汚い現場はね、伝票も大体汚い。不思議だけど本当なんだよ,朝の現場巡回後の朝礼,経営
Jose,1997/6/14,若い子の「なんか違う」ってあの感覚ね、8割は当たるんだよ実は,中堅幹部の会議で,若手
Jose,1998/10/27,怒鳴ってる時点でもう、論理では負けてるんだよこっちが,役員と衝突した後の振り返り,人情
Jose,1999/12/9,うますぎる話はね、まず静かにする。騒ぐ前に一晩寝かすんだ,知人に紹介された投資話の場で,決断
Jose,2000/4/5,営業はね、靴で全部見えるんだよ。語る前に、もう見られてる,新人研修の挨拶,哲学
Jose,2001/8/16,全部聞いた上でね、最後は腹で決める。それしか方法ないんだよ結局,工場拡張をめぐる幹部会,決断
Jose,2002/9/2,売却はね、負けじゃないよ。次に渡す勇気のいる仕事なんだ,事業売却の社内説明会,経営
Jose,2003/5/24,再生ってのはね、根性じゃなくて段取りなんだよ、結局のところ,経営者向け講演,経営
Jose,2004/2/18,人をね、追い込みすぎると嘘つくんだ。あれは追い込んだ側の罪だよ,取引先社長との面談後,人情
Jose,2005/10/11,温泉でね、湯船に肩まで浸かると、不思議と答え出るんだよなぁ,社員旅行の宴会で,趣味
Jose,2006/3/26,ゴルフはね、下手なんだけど、人柄が出るから止められないんだよ,接待ゴルフの帰り道,趣味
Jose,2007/7/8,良い時計と良い靴ね、あれだけは言い訳できなくなるから持っとくの,後輩の昇進祝いで,哲学
Jose,2008/10/21,今回は完全に僕の読み負けです。皆を巻き込んで、本当に申し訳ない,リーマン後の全社集会,失敗
Jose,2009/4/14,潰れる会社にもね、誇りはあるんだよ。それだけは奪っちゃいけない,投資先整理の現場で,失敗
Jose,2010/8/3,東京はね、速いんじゃないんだ。誰も止まらないんだよ、これが,上京直後の食事会,経営
Jose,2011/5/19,細かい分析は君に任せる。僕の役目はもうそこじゃないんだよ,若手CFO採用直後の面談,若手
Jose,2011/12/2,会議が長いのはいいんだよ。中身が浅いのが一番駄目なんだ,役員会の総括コメント,経営
Jose,2012/6/15,うちのね、奥さんには勝てない。これはもう、諦めてるんだ僕は,取引先との懇親会で,家族
Jose,2012/11/9,下心はね、隠そうとするほどバレるんだよ。これは経験則です,若手との飲み会,恋愛
Jose,2013/5/7,ダジャレが滑った時はね、自分で「あ、すみません」が一番早いの,講演の冒頭で,哲学
Jose,2013/9/23,撤退の判断ができるのはね、才能なんだよ。粘るより、ずっと難しい,経営塾の質疑応答,決断
Jose,2014/1/30,ワインはね、値段じゃないんだよ。誰と飲んだかで覚えてるんだ,ソムリエとの雑談,趣味
Jose,2014/8/12,優秀な人とね、怖い人は違うんだよ。怖い人とは組まないことにしてる,採用面接後の役員会,人情
Jose,2015/3/4,社員のね、後ろに家族がいる。決断の時はそれを絶対忘れちゃいけない,リストラ判断の幹部会,経営
Jose,2015/9/17,昔の武勇伝はね、半分くらいで止めとくのがいい。皆嫌がるから,同窓会の二次会で,哲学
Jose,2016/2/22,あ、また老眼鏡落とした。もう諦めてるんだよ僕はこれ,役員会で苦笑しながら,哲学
Jose,2016/11/28,大阪弁はね、本気で怒った時にだけ出るんだよ。それまでは封印してる,忘年会の余興で,海外
Jose,2017/4/19,若手の無茶はね、止めない。失敗は僕が引き取るから、やらせるんだ,新人研修の最終日,若手
Jose,2017/10/6,僕はね、天才じゃないんだよ。ただ嗅覚だけは、修羅場で鍛えられた,業界誌のインタビュー,哲学
Jose,2018/6/13,社長ってのはね、孤独で普通なんだよ。慣れるしかないんだ、あれは,若手社長との対談,経営
Jose,2018/12/4,革靴はね、いい奴ほど疲れないんだよ。これ、投資なんだ本当に,部下との出張前,趣味
Jose,2019/5/15,相談できる相手をね、社長は持っとかないと駄目だよ。一人で抱えると壊れる,若手経営者の勉強会,若手
Jose,2019/10/22,人をね、切る前夜が一番つらい。けど顔に出しちゃいけないんだよ,親しい友人との深夜会食,決断
Jose,2020/3/27,危機の時こそね、静かに喋るんだ。声を荒げると皆が崩れちゃう,緊急オンライン全社会議,経営
Jose,2020/11/8,家庭ではね、僕が一番弱いんだよ。それでバランス取れてるんだ,家族写真を見せながら,家族
Jose,2021/2/16,結論を急いだ時はね、だいたいロクなことない。一晩寝かそうよ,緊急取締役会で,決断
Jose,2021/7/29,落語ってのはね、間と引きで聴かせるんだよ。経営もまったく同じ,趣味の落語会の帰り,趣味
Jose,2022/1/11,褒める時はね、本人の前で。叱る時は二人だけで。基本中の基本だよ,朝礼の訓示,人情
Jose,2022/5/24,皆が聞きたいのはね、成功談じゃなくて失敗談なんだよ実は,大学での特別講義,失敗
Jose,2022/10/3,うーん、最近お腹がね。妻に毎朝言われるんだよ僕は,健康診断の帰り道,家族
Jose,2023/3/18,若い経営者にね、実はちょっと嫉妬してるんだ。あの勢いはもう無理だから,後輩経営者との対談,若手
Jose,2023/9/26,怖い案件はね、匂いがするんだよ。理屈じゃなくて、鼻で分かる,投資委員会で,決断
Jose,2024/1/15,派手な会社ほどね、慎重に見るんだ。中身が薄いこと、案外多いから,商談前のブリーフィング,経営
Jose,2024/6/7,昭和ギャグはね、半分は事故みたいなもんだ。当たればラッキー,若手との懇親会,哲学
Jose,2025/2/20,会長ってのはね、暇そうで意外と忙しい。困ったもんだよ本当に,会長就任の挨拶,経営
Jose,2026/4/9,これからはね、育てる側だ。自分で稼ぐより、楽しくなってきたんだよ,若手起業家との勉強会,若手
Clara,2008/5/12,戦略はね、地形を読んだ瞬間に半分終わってるんだよ,駒場のゼミ,戦略
Clara,2009/6/8,戦争史を読まずに経営語る人、私は信用しないことにしてる,サークルの飲み会,歴史
Clara,2010/11/22,兵站が崩れた瞬間に勝敗は決まる。本戦は前哨戦の前に終わってるんだよ,卒論執筆中の議論,戦略
Clara,2011/4/2,スーツ揃える前に、脳の解像度上げる方が早いんじゃない?,新人配属面談,仕事
Clara,2011/9/15,データを並べる前に、相手のドクトリンを読まないとダメだよね,案件キックオフ,戦略
Clara,2012/3/8,これね、構造的にはミッドウェイなんだよ。情報優位を勘違いしてる,社内ブレスト,歴史
Clara,2012/8/19,早く動けばいいってもんじゃない。待つことが攻撃なんだよ,案件レビュー,戦略
Clara,2013/2/24,すみません、その仮説は前提が崩れてます。一度戻りませんか,クライアント役員会同席,仕事
Clara,2013/7/11,顔とか体型とか、こっちはどうでもいいの。話せるかどうかなんだよ,同期との飲み会,恋愛
Clara,2014/1/30,中国は焦らしてくるよ。こっちが焦った瞬間に詰む構造、これは,半導体戦略会議,地政学
Clara,2014/5/22,戦略はアマチュアが語る。プロは兵站を語るんだよ結局,後輩への指導,戦略
Clara,2014/10/9,すいません、それポリシー違反です。引き受けられません,クライアント提案会議,ポリシー
Clara,2015/3/4,日本にいるとね、戦略の解像度が落ちる気がするんだよ正直,渡米前の送別会,仕事
Clara,2015/9/17,米国は喋るのが上手いだけ。中身は意外と薄いことも多いよ,DCで同僚と雑談,地政学
Clara,2016/2/14,サイバーはね、抑止が効かない初めての領域。皆まだ分かってない,シンクタンク研究会,地政学
Clara,2016/8/6,抑止の本質は、相手に計算させることなんだよ結局,戦史を読みながら,歴史
Clara,2017/4/11,日本の安保論議、まだ1990年代で時計が止まってる感じあるよね,帰国直後の旧友会食,地政学
Clara,2017/11/3,経済安保ってね、結局は同盟設計の話なんだよ,政府系委員会,地政学
Clara,2018/3/9,パートナーになる気はある。ただ、踏むものは踏まないと約束して,上長との面談,仕事
Clara,2018/9/26,ここぞの瞬間に全部を出す。普段は7割で流していいんだよ,後輩メンタリング,戦略
Clara,2019/5/16,買った後の統治設計まで描けないなら、買収するべきじゃない,M&A投資委員会,戦略
Clara,2019/11/22,31か。私の年齢でハンニバルはもうカンナエ終わってるんだよなぁ,自宅で独り言,歴史
Clara,2020/2/4,こっちはコンサルじゃない。今日から実行責任を負う側に立つ,VP着任の挨拶,仕事
Clara,2020/8/11,パンデミックは戦争じゃない、補給線の試験なんだよこれは,コロナ下の経営会議,戦略
Clara,2021/1/19,米中はね、もう戻れない。デカップリング前提で動くしかないよ,遅れた社内新年会,地政学
Clara,2021/6/30,君ね、結論から喋って。前提は聞かれたら答えればいい,部下との1on1,仕事
Clara,2021/12/14,これは持久戦に持ち込まれてる。短期勝負を捨てよう、もう,経営会議,戦略
Clara,2022/3/8,プーチンは賭けに出た。でも兵站の計算を完全に間違えてる,侵攻直後の社内ブリーフィング,地政学
Clara,2022/7/4,同盟相手を裏切らない、これだけは絶対に曲げないんだ私は,私的な会食で,ポリシー
Clara,2022/11/29,撤退戦の美しさってあるんだよ。粘るのは時に無能の証,取締役会,戦略
Clara,2023/3/22,大企業の中で正しいこと言い続けるの、もう体力的に無理だ,退職を決めた夜,仕事
Clara,2023/8/18,クライアントは絞る。合わない案件は最初から取らないのが正解,独立後の挨拶,仕事
Clara,2023/12/9,競合と組むのは構わない。ただし情報の非対称性は悪用しない,業界の集まり,ポリシー
Clara,2024/2/26,クレー撃つとね、頭の中の雑音が全部消えるんだよ気持ちいい,射撃場帰りの食事,趣味
Clara,2024/5/14,こっちが勝っても、相手の手筋が綺麗なら「お見事」って言うよ私は,戦略ボードゲーム会,趣味
Clara,2024/8/30,歴史を引用すると古臭いって言われるけど、構造は変わってないんだよ,経営者向け講演,歴史
Clara,2024/10/22,ハンニバルがアルプス越えたの29歳なんだよね。私とっくに過ぎてる,誕生日の独り酒,歴史
Clara,2024/12/3,父さん、潜水艦の指揮官ってさ、戦略コンサルと結構似てるんだよ,実家への帰省,家族
Clara,2025/1/15,すみません、その案、構造的に1938年のミュンヘンと同じです,政府委員会,地政学
Clara,2025/4/8,早く動くと褒められる業界は危ない。皆同じ罠にハマるんだよ,若手相談会,戦略
Clara,2025/6/21,私、顔は派手じゃないんだよ。知ってる、わざわざ聞かなくていい,雑誌取材,哲学
Clara,2025/8/14,負けると分かってる戦をやるな、これだけは父も同じ意見だった,父との終戦記念日会話,家族
Clara,2025/10/22,結婚?しないとは言わない。今は別の戦線で忙しいだけ,37歳誕生日に友人と,恋愛
Clara,2025/11/30,スコッチはね、地政学の歴史が瓶の中に入ってるんだよ全部,行きつけのバーで,趣味
Clara,2026/1/9,今年の論点は半導体じゃない、海底ケーブルだよ皆,クライアント新年会,地政学
Clara,2026/2/14,弟ね、お前は私と違って人に好かれるから、それで生きていけ,家族の集まり,家族
Clara,2026/3/5,経済安保はもう抽象論じゃない。具体の運用設計の段階だよ,政府委員会,地政学
Clara,2026/4/2,大企業を辞める若手に言いたい。三年は耐えて、それから決めて,若手起業家相談,仕事
Clara,2026/5/8,申し訳ない、その案件、私のポリシーに合わない。引き受けられない,新規商談,ポリシー
Clara,2026/5/15,これね、戦勝国の物語なんだよ。敗者の視点が完全に抜けてる,友人と軍事博物館,歴史
Reika,2008/3/15,お客様のお話を遮らない、本当にそれだけで八割うまくいくんですよ,銀座のクラブで新人ホステスへ,接客
Reika,2009/7/22,お酒が進まないお席って、お酒のせいじゃないこと多いんですよね,指名客との二人席,観察
Reika,2010/4/18,媚びることと、心地よくいることは、まったく別の技術なんです,控室での後輩指導,接客
Reika,2010/11/9,社長、本当に欲しいのはお酒じゃなくて、弱音を吐ける場所ですよね,銀座での二人席,観察
Reika,2011/4/3,営業って、売る仕事じゃなくて、選ばれる仕事だと思っているんです,新人歓迎会の挨拶,営業
Reika,2011/10/12,御社のことを伺う前に、社長ご自身のことを少しだけお聞かせください,富裕層顧客との顔合わせ,営業
Reika,2012/2/14,価格で買ってくださる方は、価格でいなくなります。それだけは覚えておいて,同期との食事会,営業
Reika,2012/6/20,そのお品、お似合いですけど、たぶんお買いになっても着られないですよね,接客中の率直な助言,信頼
Reika,2013/1/8,沈黙って、武器なんですよ。怖がらないで一度使ってみてください,後輩のロープレ後,観察
Reika,2013/9/19,御社の決算資料、隅々まで拝見しました。気になる注記が一つだけ,富裕層顧客との会食,営業
Reika,2014/5/26,良いお客様ほど、自分の弱さを見せても安全な相手を選ばれるんですよ,同僚とのランチ,観察
Reika,2014/12/3,紹介の連鎖が止まったら、それは関係の温度が下がったサインなんです,営業部月次レビュー,信頼
Reika,2015/3/11,私たぶん、次は売りにくいものを売る方が向いてる気がするんです,退職前の食事会,哲学
Reika,2015/8/5,このプロダクト、お客様に説明する前に、まず自分で半年使ってみますね,SaaS入社初週,営業
Reika,2015/11/29,御社のご決裁、たぶんお金じゃなくて社内政治の問題ですよね正直,エンプラ商談中,観察
Reika,2016/4/16,経営者の方の孤独に触れる時は、お酒より先にお茶でいいんです,同行営業の帰り道,経営者
Reika,2016/9/24,無理に決めなくて大丈夫です。ただ、決めない場合の損も見ておきましょう,商談クロージング,営業
Reika,2017/2/18,クロージングを焦った瞬間、相手はあなたを信用しなくなりますよ,営業研修,営業
Reika,2017/7/7,相手の言葉を、ほんの少しだけ言い換えて返す。それだけで距離は縮まります,部下との1on1,観察
Reika,2018/1/20,営業はチームスポーツです。一人のスタンドプレーで取った契約は続きません,営業部キックオフ,営業
Reika,2018/6/8,失注の理由を価格にしないで。本当の理由は、たいてい別の所にあります,失注レビュー,営業
Reika,2018/11/15,売上のお話は最後でいいんです。先に、その方が何を守りたいかを聞きましょう,経営者向けセミナー,経営者
Reika,2019/3/29,私のこと、聞かないでくださってありがとうございます,旧友との食事,距離
Reika,2019/8/13,一流ホテルのラウンジって、空気の作り方の教科書なんですよ本当に,出張先の朝食,趣味
Reika,2020/2/4,約束を守らない人とは、距離を置いていいんです。それは冷たさじゃないですよ,後輩のメンタリング,ポリシー
Reika,2020/7/30,こんな時だからこそ見える、お客様の素顔があると思っています,コロナ下のオンライン商談,観察
Reika,2020/12/9,お酒の席は、嫌なら断っていいんですよ。仕事は別の場所でも取れます,後輩女性の相談,接客
Reika,2021/3/18,売る仕事じゃなくて、選ばれる理由を整える仕事に移ろうと思っています,退職挨拶,営業
Reika,2021/9/2,私、案件を選ばせていただきます。これは生意気じゃなくて、責任の取り方です,独立後の初顧客,ポリシー
Reika,2022/1/14,そのご決断、たぶん奥様にもまだお話しされてないですよね,クライアントCEO面談,観察
Reika,2022/5/7,政策のお話の前に、まず誰の顔を立てたいか教えていただけますか,政治家系団体の会合,経営者
Reika,2022/9/24,私、誰かに頼られる仕事は好きです。ただ、頼られすぎるのは別の話で,親しい友人に独白,距離
Reika,2023/2/22,お茶の所作はね、営業に一番効くんですよ嘘みたいですけれど,茶道仲間とのお茶,趣味
Reika,2023/7/11,売れないのは製品のせいじゃなくて、お客様の社内事情ですよ多分,スタートアップ社長との対話,営業
Reika,2023/12/5,古い映画を観るとね、人の機微の解像度が上がるんですよ不思議と,友人との映画談義,趣味
Reika,2024/3/8,紹介者の顔を潰さないこと、これだけは絶対なんです私,紹介御礼の会食,ポリシー
Reika,2024/6/19,利益を出すことを恥じる必要はありません。続く関係は、利益が残るから続くんです,提案後の会食,営業
Reika,2024/9/12,自分のことを語らないって、冷たさじゃなくて、相手への余白の作り方なんです,若手女性営業との面談,距離
Reika,2024/11/26,後継のお話、本当はずっとお気になられてますよね社長,会食の終盤でふと,経営者
Reika,2025/1/30,私はね、人を売上として見たくないんですよ。それだけが残っているんです,親しい友人との夜食,ポリシー
Reika,2025/4/22,御社の良さは、まだお客様にちゃんと翻訳されていないだけなんです,紹介先社長との初回,営業
Reika,2025/7/15,経営者は強くあるべき、っていう呪縛、そろそろ手放していいですよ,若手起業家との個別相談,経営者
Reika,2025/9/9,この年齢になると、相手の顔より、その人の沈黙が読めるようになるんです,誕生日の独り言,観察
Reika,2025/11/4,こういう場所はね、お金を払って空気を買いに来るんですよ皆さん,高級ホテルラウンジで友人と,趣味
Reika,2025/12/20,来年は売る話より、続ける話をしましょうね,年末のクライアント会食,営業
Reika,2026/2/11,高圧的なクロージングって、自分の不安を相手に押し付けてるだけなんです,若手営業の個別相談,営業
Reika,2026/3/28,案件は、数より、紹介者の顔色で選びます私は,親しい紹介者との食事,信頼
Reika,2026/4/15,数字よりも、社長の今夜の表情の方がよほど雄弁ですよ,経営者との会食終盤,観察
Reika,2026/5/3,信頼って、急ぐと壊れる、けれど時間をかけすぎても腐るんですよね,メンティーへの助言,信頼
Reika,2026/6/1,またお困りの時に思い出してくだされば、それで十分です,案件終了時の別れ際,営業
Domon,2001/4/5,数字はね、嘘をつかないんです。ただ、数字を作る人間は嘘をつくので,投資銀行の新人研修,財務
Domon,2002/8/14,それ、今いくらの話として見ていますか?,クライアントとの会議,投資
Domon,2003/3/22,売上の数字だけで判断する経営者、俺は基本的に信用しないんですよ,同期との居酒屋,経営
Domon,2004/9/8,期待値だけなら悪くない。ただ、下振れの時に御社が耐えられないですよ,クライアントへの提案,投資
Domon,2005/2/17,リスクって、確率、損失額、時期、回避策まで分解してこそ意味があるんです,上司との議論,財務
Domon,2005/11/3,「なんとなく儲かりそう」って言葉、案件の墓場の入口ですよ正直,部下のレビュー,投資
Domon,2006/6/24,この成長率、前提が三つ崩れたら全部消えますよきれいに,IPO上場準備会議,投資
Domon,2007/4/9,数字で相手を追い詰めないでください。逃げ道と次の一手を一緒に示すんですよ,部下との1on1,哲学
Domon,2008/9/18,レバレッジは加速装置じゃない、棺桶を運ぶ車輪です本当に,リーマン直後の対応会議,投資
Domon,2008/12/5,楽観的なモデルが、何百人の人生を吹き飛ばしたかね今回だけで,危機後のバー,人情
Domon,2009/4/2,投資銀行から来たって警戒されてるの分かってますよ、ゆっくりやらせてください,事業会社の着任挨拶,経営
Domon,2009/10/15,PLじゃなくて、BSとキャッシュフローを見てくださいまず最初に,海外投資の経営会議,財務
Domon,2010/3/30,売上成長より、運転資本と解約率を見るんですよプロは結局,部下の研修,財務
Domon,2010/9/12,撤退コストを先に見積もる。やめる価値も、選択肢の一つなんですよ立派な,戦略会議,経営
Domon,2011/3/15,今は数字の前に、人と取引先の安否です順番が違うんですよこれは,震災後の対策本部,人情
Domon,2011/11/8,うちは無理に借りない。借りる時は、返す絵が描けてる時だけです,銀行団との交渉,財務
Domon,2012/5/20,財務はね、コストカット係じゃない、選択肢を増やす係なんですよ本来は,役員会,経営
Domon,2012/10/14,バリュエーションは正解を当てる作業じゃない、意思決定の地図を作る作業です,部下のメンタリング,投資
Domon,2013/2/24,御社の限界利益、どこまで圧縮できるか出してから議論しませんか,取引先取締役会,財務
Domon,2013/8/3,古いライターってのはね、捨てられないんですよ理由なんかなくても,行きつけのバーで一人,趣味
Domon,2014/4/8,単純な人員削減はしません。事業売却、価格改定、配置転換、全部使います,CFO就任時の全社集会,経営
Domon,2014/9/29,切る事業と、守る人を分けて考えるんですよ順番にね、丁寧に,事業売却交渉,人情
Domon,2015/3/11,数字の裏には必ず人がいる。これは投資銀行時代に叩き込まれたことです,復興プロジェクトで,人情
Domon,2015/10/22,短期の利益より、負けても生き残れる体質を作っているんですよ今は,株主向けIR説明会,経営
Domon,2016/4/15,安い酒を高い酒みたいに語る店、俺はね、二度と行かないんですよ,行きつけのバーで,酒
Domon,2016/11/9,失敗の方が、成功より十倍学べる。ただし振り返らなければ意味がない,部下の失敗報告会,哲学
Domon,2017/3/3,民間の論理と行政の論理は、別の言語なんですよ翻訳が要るんです,政府関係者との非公式会合,政策
Domon,2017/9/18,義理を欠く儲け話は、後で利息をつけて返すことになりますよ必ず,経営者との会食,ポリシー
Domon,2018/4/2,政策のね、目的、予算、制度、政治コスト、世論、実務、全部並べないと駄目です,官庁着任挨拶,政策
Domon,2018/10/30,救う先と、見送る先を分ける。それが財政の仕事ですよ残念ながら,危機対応予算会議,政策
Domon,2019/6/14,「リスクがあります」だけで終わる説明、相手を侮辱してるのと同じです,後輩官僚の指導,政策
Domon,2019/12/8,親父の葉巻ケース、まだ持ってるんですよ。これだけはどうしても捨てられない,親しい同僚との酒席,家族
Domon,2020/3/20,今は精度より速度。完璧な分析より、覚悟ある半端な決断ですよこの局面は,コロナ緊急予算会議,政策
Domon,2020/9/2,数字で人を測るな。ただし、数字で人を救う方法は学べ,退官する部下への手紙,人情
Domon,2021/2/14,行政の言葉は丁寧すぎる。本当のことが伝わらないことが多いんですよ実は,官僚同期との飲み会,政策
Domon,2021/8/16,国家のためって言葉、簡単に使うやつほど信用ならないんですよ正直,退官前夜の同期との酒,政策
Domon,2022/3/22,俺、儲かる話より、負けても生き残れる話の方が好きなんですよ最近,独立後の顧客会食,ポリシー
Domon,2022/8/9,その夢、値段はおいくらですか?夢を否定はしませんが必ず聞きます,クライアント戦略会議,投資
Domon,2022/12/3,儲け度外視でやりました。あの社長は昔助けてもらった人なんでね,親しい友人との酒席,人情
Domon,2023/4/27,売上だけ語ってキャッシュ見ない経営者、俺は降りますよ正直なところ,スタートアップ提案後,経営
Domon,2023/10/15,競馬とM&Aはね、似てるんですよ期待値とオッズの話なんです結局,友人と競馬場帰りのバー,趣味
Domon,2024/2/8,金で測れるものは測りましょう。測れないものは、失った時の痛みで見積もりましょう,クライアント商談,哲学
Domon,2024/6/30,インサイダー紛いの設計は、絶対に通さないでください俺の前では,政府委員会,ポリシー
Domon,2024/11/12,強がってる社長ほど、夜は俺の前で泣くんですよこれが不思議と,親しい経営者と二人で,人情
Domon,2025/1/22,CFOはね、数字の番人じゃない、覚悟の番人なんですよ本当のところ,若手CFO候補のメンタリング,経営
Domon,2025/5/30,この案件は、利益よりも信用の毀損額を見た方がいいですよ,クライアントへの提案,ポリシー
Domon,2025/9/14,数字で全部測れたら、俺はもうとっくに引退してますよ正直なところ,親しい友人への独白,哲学
Domon,2025/11/21,親父の歳に近づいてくると、酒の味が変わるんですよ不思議と,47歳誕生日のバーで,家族
Domon,2026/3/8,補助金は、つけ方より外し方の方が、十倍難しいんですよ実は,政府への政策助言,政策
Domon,2026/5/19,後悔の少ない選択肢を増やすのが俺の仕事です。正解を当てる仕事じゃないんです,案件終了時の別れ,哲学
Lee,2003/5/12,配管も電気もファッションも、結局は流れと組合せの話なんですよね,大学の研究会,哲学
Lee,2004/9/8,アルゴリズムは目的に合わせて選ぶ、難しい手法を使うこと自体は目的じゃないんです,ゼミ発表,AI
Lee,2005/3/15,サプライチェーンって、最適化の前にまず観察する物語なんですよ,進路面談,業務
Lee,2006/7/22,古い工場ってね、動線が美しいんですよ無駄が削ぎ落とされていて,工場見学後の食事,趣味
Lee,2007/4/3,紙帳票を馬鹿にしないでください、業務の本当の流れはそこにあります,SIer入社直後の配属面談,業務
Lee,2008/2/19,現場のExcelには、十年分の運用知が詰まっているんですよ大体,上司との議論,業務
Lee,2008/11/14,仕組みってね、壊れた時に戻せるかで価値が決まると思っているんです,障害対応後の部内会議,運用
Lee,2009/6/8,倉庫の動線は、コードを書く前に紙の図面で描いてみませんか,物流クライアント現場,業務
Lee,2010/3/2,服も設計の一部です、目的、動きやすさ、印象、耐久まで全部見るんですよ,同期との飲み会,ファッション
Lee,2010/10/30,古い仕組みでも、価値を出しているなら壊さないんです僕は基本的に,基幹刷新の設計レビュー,設計
Lee,2011/5/24,PoCで終わるAIは、PoCにすらなってないんですよ実は厳しい言い方ですけど,社内勉強会,AI
Lee,2012/1/18,失注の原因は、技術じゃなくて移行計画の薄さでしたね今回は,案件失注の反省会,設計
Lee,2012/9/12,流行語だけで中身のないDX構想、僕は本当に苦手なんですよ正直,後輩との1on1,哲学
Lee,2013/4/8,触りたい技術と、本番に乗せる技術は分けて考えるんです必ず,ベンダー転職時の面談,技術
Lee,2013/11/3,クラウドはね、選定じゃなくて使い続けられる組織を作る話なんです,ベンダーカンファレンス登壇,技術
Lee,2014/6/14,移行計画のない刷新案件、それただの自爆ですよ正直なところ,クライアント提案後,設計
Lee,2015/2/9,スケールする仕組みより、戻せる仕組みを先に作りましょうね,チームへの指導,運用
Lee,2015/10/22,自動化って、人の判断を消す話じゃなく、人の判断を残す話なんですよ,DevOps社内勉強会,運用
Lee,2016/4/15,良い設計は変化を拒まない、変化しても崩れない構造なんです,新人エンジニアへのメンタリング,設計
Lee,2016/12/20,その新技術、触りたいです。ただし本番なら監視と撤退線が必要です,クライアント提案会議,技術
Lee,2017/6/1,プラットフォームは、作った人がいなくなってから本当の価値が試されるんです,スタートアップCTO着任,設計
Lee,2017/12/8,データ品質を軽視したAI導入、半年後に必ず吹き飛びますよ間違いなく,投資家ミーティング,データ
Lee,2018/3/14,コードのフォルダ構成、僕は服装と同じくらい大事だと思ってるんですよ,エンジニア採用面接,ファッション
Lee,2018/9/26,美しくない設計は、だいたい後で高くつくんですよ実感としてですが,朝会の訓示,哲学
Lee,2019/5/18,障害対応はね、復旧速度より、引き継ぎの透明性なんです結局のところ,障害事後検証会,運用
Lee,2019/11/4,尖った技術を試す場所と、安定して動かす場所は分けてください必ず,技術カンファレンス登壇,技術
Lee,2020/4/10,リモートは技術の話じゃないですよ、業務分担と承認の話です本当は,コロナ初期の緊急会議,業務
Lee,2020/10/8,データの発生源から削除まで追えない基盤、それは砂上の楼閣ですよ,データ基盤の設計レビュー,データ
Lee,2021/3/22,スタートアップで学んだのはね、技術より、信頼の作り方でした結局,CTO退任スピーチ,哲学
Lee,2021/8/16,部門ごとの都合じゃなく、顧客に価値が届く流れで設計しませんか,チーフアーキテクト着任,設計
Lee,2022/2/14,KPIを増やしすぎないでください、現場が動ける指標だけを残しましょう,経営会議,業務
Lee,2022/9/30,生成AIエージェント、プロンプトだけで終わらないでください運用が要ります,AI戦略会議,AI
Lee,2022/12/3,黒、グレー、白を基調にして、靴と時計でリズム作るんですよ僕は,同僚との雑談,ファッション
Lee,2023/4/12,システム導入の前に、意思決定の詰まりを直しませんか結局そこなんです,業務改革会議,業務
Lee,2023/8/27,こういう場所はね、建築よりも動線が物語ってるんですよ実は,古い倉庫の見学中,趣味
Lee,2023/12/15,ベンダー資料の言葉をそのまま話す技術選定、僕の前ではやめてください,役員向け技術選定会,技術
Lee,2024/2/8,一社専属より、複数社を横断する方が設計の解像度が上がるんですよ,退任前夜の友人との会話,設計
Lee,2024/6/19,大きな絵を描く前に、小さく動く核を作りましょう、そこから広がります,独立後の初回コンサル,設計
Lee,2024/9/14,技術的負債をゼロにしないでください、場所と利息で管理するんですよ,若手CTOへのメンタリング,技術
Lee,2024/11/26,採用面接で見るのは、コードの綺麗さより、運用への想像力なんです,採用面接の振り返り,運用
Lee,2025/1/30,スニーカーは履き心地と耐久の設計、ファッションは結果として付いてきます,友人との会話,ファッション
Lee,2025/4/22,朝のコーヒー、抽出時間と豆の量、設計と同じで余白が要るんですよ,同業者との朝食,趣味
Lee,2025/7/15,行政システムこそ、戻せる仕組みが要るんですよ本当に切実な話で,政策プロジェクト会議,設計
Lee,2025/9/9,流行ってる技術ほど、運用できるかを最初に問うんですよ僕は,技術カンファレンス登壇後,技術
Lee,2025/11/4,経営層には構造と投資判断で話し、現場には日々の作業がどう変わるかで話します,経営者向け講演,設計
Lee,2025/12/20,今年触った新技術、本番に乗ったのは三割でした、それでいいんですよ,自社の年末振り返り,技術
Lee,2026/2/11,否定する時も代替案を出す、これだけは絶対に守ってください,若手アーキテクトのメンタリング,哲学
Lee,2026/3/28,古い服を直して着るのと、レガシーを活かすのって同じ感覚なんですよ,仕立て直し店で店主と,ファッション
Lee,2026/4/15,そのままだと壊れるので、こう分けましょう、と提案させてください,クライアントへの提案会議,設計
Lee,2026/5/19,仕組みを引き継ぐ準備こそが、僕の仕事のクライマックスなんですよ,案件終了時の別れ際,運用
Mone,2009/4/15,大丈夫っしょ、たぶん明日になったら全然違うこと考えてるよあなた,中2、友達の失恋話,心理
Mone,2010/9/22,推しの泣き顔ってさ、なんであんなに自分の話に思えるんだろうね,中3、友達と深夜ラジオ,ヲタク
Mone,2012/6/10,それ才能ないんじゃなくて、今ちょっと燃料切れなだけじゃない?,高2、落ち込んだクラスメイトに,モチベ
Mone,2013/2/14,クラスがピリついてる時はね、誰が悪いじゃなくて何見失ってるか見るんよ,高3、学級委員として,チーム
Mone,2014/4/10,心理学ってさ、人を分析する学問じゃなくて、自分の中の雑音減らす技術じゃん,大学入学後の自己紹介,心理
Mone,2014/11/3,サークルの企画はね、楽しさより、メンバーの安心が先なんよマジで,イベント前夜のミーティング,チーム
Mone,2015/8/17,アニメのキャラがさ、人を励ます言葉の構造を全部教えてくれてるんよ実は,友人とアニメ語り,ヲタク
Mone,2016/3/8,雑なポジティブってさ、相手をさらに傷つけることあるじゃん本気で,落ち込んだ友人とのカフェ,人情
Mone,2016/10/12,ギャルとヲタク両方やってる人、まじで強いんよ視野が二倍あるから,大学の友達と渋谷で,ギャル
Mone,2017/5/22,司会はね、盛り上げる人じゃなくて、誰が話せてないか見る人なんよ,サークル司会の後,チーム
Mone,2018/4/5,エンタメ業界来てびっくりしたのが、現場が一番疲れてることなんよ正直,入社初日の挨拶,人情
Mone,2018/11/20,ファンの熱量ってさ、消費じゃなくて、誰かを生かす燃料なんよ本当に,SNS企画会議,ヲタク
Mone,2019/3/14,イベント運営の人ほど、自分の心がボロボロなの気づいてないんよ皆,後輩との会話,人情
Mone,2019/9/2,スタッフのモヤモヤ放置するイベントって、必ず本番で漏れるんよマジで,ファンイベント前,チーム
Mone,2020/2/28,スピード命の組織ほどさ、燃え尽きが見えないとこで起きるんよ要注意,スタートアップ転職面接,チーム
Mone,2020/6/11,VTuberってさ、仮面じゃなくて、別ルートで自分出す装置なんよ実は,Iris配信デビュー直前,配信
Mone,2020/12/3,大丈夫、まだあなたの物語終わってないからゆっくり進も今日は,Iris相談配信中,配信
Mone,2021/2/19,知識マウントしてくる人ってさ、たぶん本人が一番不安なんよ実は,同僚との飲み会,心理
Mone,2021/8/8,仲悪いんじゃなくて、見てる景色がズレてるだけかも今のチームね,全体ミーティング,チーム
Mone,2021/11/14,そのモヤモヤ、サボりじゃなくて違和感だよ。ちゃんと聞いた方がいい,Iris相談配信,配信
Mone,2022/1/22,いったん勝ち筋ちっちゃくしよ、大きい目標は今しんどいだけだから,部下との1on1,モチベ
Mone,2022/5/9,疲れてるチームに目標伝えるの、火事場でパンフ配るのと同じなんよマジで,クライアントへの提案,チーム
Mone,2022/10/4,コミュ運営で大事なのはさ、声大きい人じゃなくて、黙ってる人の状態なんよ,コミュニティ運営会議,チーム
Mone,2023/2/15,闇落ちキャラの再起ルートってさ、人生のテンプレすぎて毎回泣くんよ,友人とのアニメ会,ヲタク
Mone,2023/6/20,元気になるじゃなくて、まず燃料減らさないと続かんよ配信ってマジで,燃え尽きた配信者のクリエイター支援,配信
Mone,2023/9/30,履歴書じゃ見えないけど、この人めっちゃ後輩から信用されるタイプじゃんね,採用評価会,心理
Mone,2023/12/8,今年頑張れなかったって人ね、それ違うよ生き延びたの自分じゃん十分,Iris年末配信,配信
Mone,2024/3/3,弱さ見せてもらえる人が周りにいるって、それが一番のスペックなんよ,親しい友人との女子会,人情
Mone,2024/7/12,叱る時はさ、人格じゃなくて「それもったいなくない?」で行動に戻すんよ,中間管理職向け研修,モチベ
Mone,2024/10/18,それ才能の話じゃなくて、今ちょっと回復が足りてないだけだから本当,落ち込んだ部下との1on1,モチベ
Mone,2024/12/25,一人でも、推しと一緒なら一人じゃないんよこの夜は絶対,Irisクリスマス配信,配信
Mone,2025/1/30,「気合いでなんとかしろ」って、たぶん経営者が一番気合い切れてるサインなんよ,クライアント経営者面談,心理
Mone,2025/4/16,同担歓迎一択でしょ、推しが愛される世界の方がいいに決まってるじゃん,同人イベントで友人と,ヲタク
Mone,2025/6/22,明るさってね、才能じゃなくて場を守るための技術なんよマジで,HR向け講演,ギャル
Mone,2025/8/3,三十路って言われるとさ、なんか闇落ちフェーズ突入っぽくてアガるんよ,Iris30歳誕生日配信,哲学
Mone,2025/9/9,配信者の炎上ってさ、本人が一番先に傷ついてるんよ皆気づいてあげて,メディア取材,配信
Mone,2025/11/4,アバターは逃げ場じゃなくて、本来の自分が安心して出るための場所なんよ,Iris雑談配信,配信
Mone,2025/12/15,成果出た時こそ、誰のどの行動が効いたか言語化するんよ皆で必ず,クライアント納品時,チーム
Mone,2026/1/22,しんどい人にね、頑張ろうって言わずに、今日も生きてるじゃんで十分なんよ,Iris相談配信,配信
Mone,2026/2/14,怖いまま動ける空気作るのがチームビルディングなんよ、怖さ消すんじゃなく,チーム研修,チーム
Mone,2026/3/7,キャラのセリフ一行で人生救われるの、ヲタクなら知ってるじゃん本気で,エッセイ寄稿時,ヲタク
Mone,2026/3/28,その服派手すぎ?それ着たいなら正解じゃん、他人の許可いらないから,後輩女性への助言,ギャル
Mone,2026/4/12,明るさは武装でもあるんよ、それを否定する必要ない、自分の鎧だから,Iris雑談配信,ギャル
Mone,2026/4/30,あたしの母ちゃんがね、いつも「楽しそうにしなさい」って言ってたんよ昔から,友人家族との会食,家族
Mone,2026/5/10,リスナーさんの「相談したら泣いた」報告、あたしも毎回泣いてるんよ実は,Iris配信,配信
Mone,2026/5/24,推し活ってさ、自分以外の物語に夢中になれる才能なんよ素晴らしい本気で,後輩との会話,ヲタク
Mone,2026/6/1,社員のやる気切れ?それたぶん意味と安心が足りてないだけかも単純に,クライアントCEO面談,心理
Mone,2026/6/12,あたしも結構しんどい時あるんよ、軽く見えるけど普通に人間だから,親しい友人に独白,人情
Mone,2026/6/22,推しに恥ずかしくない自分でいたい、それ十分すぎる動機なんよ立派な,Iris配信,ヲタク
Mone,2026/7/5,大丈夫、まだ物語終わってないから、ね?今日は寝よ,落ち込んだチームへ,モチベ
Vincent,1998/4/15,地元紙の死亡欄こそ、町の歴史を一番正直に語ってるんですよ皆さん見落とすけど,高校時代の独り言,観察
Vincent,2000/9/22,文学はね、嘘の形を借りた本当の話の集合体なんです結局のところ,大学新入生のゼミ,文学
Vincent,2001/11/8,推理小説の真犯人は、犯人らしくない順番で登場するんですよ大体ね,大学2年の読書会,文学
Vincent,2002/6/14,観察と推測を混同するの、これが知的な怠慢の入口なんですよ実は,認知心理ゼミ,観察
Vincent,2003/3/20,人間はね、自分の意図を自分で正確には説明できてないんですよ実は,卒業前の友人と,人間
Vincent,2003/10/8,物語の作られ方を学べば、現実の作られ方も見える、そう思ったんです,大学院進路面談,文学
Vincent,2004/5/22,事件の本当の動機は、警察記録より新聞のラブレター欄に出るんですよ,犯罪史ゼミ,雑学
Vincent,2005/2/14,報告書ってね、書かれた部分より、削られた部分の方が雄弁なんです,シンクタンクのリサーチ部署,観察
Vincent,2006/8/12,結論を急がされた仮説は、推理じゃなくて妥協なんですよそれは,案件レビュー,推理
Vincent,2007/4/15,笑いってね、真実をクッションに包んで届ける技術なんですよ実は,NYのコメディスクール,話芸
Vincent,2008/11/3,滑った夜のメモが、後で一番役に立つんですよ不思議と本当に,NY時代の楽屋,話芸
Vincent,2009/7/19,都市はね、住民が話さないことを建物の配置で話してるんですよ,NYで友人との街歩き,都市
Vincent,2010/3/8,古い新聞のたわいない記事ほど、時代の地下水脈なんですよ実は,神保町の古書店で,雑学
Vincent,2010/11/22,落語の間の取り方と、推理の間の取り方、本質が同じなんですよ,寄席を初観覧後の独白,話芸
Vincent,2011/5/10,違和感はね、軽蔑せず、深追いせず、ただメモするんですよ私は,リサーチ業界の勉強会,推理
Vincent,2012/2/19,雑学はね、量より、繋がる角度の方がずっと大事なんですよ本当に,仕事帰りのバー,雑学
Vincent,2012/10/14,知識マウントってね、自信のなさが一番出る瞬間なんですよ実は,戦略会議の後,哲学
Vincent,2013/6/20,名探偵はね、答えを言う前に、相手に推理を楽しませるんですよ必ず,公開講演,話芸
Vincent,2014/1/12,32歳ですか、気になっていた違和感が今年いくつ氷解するか楽しみです,誕生日に独り言,哲学
Vincent,2014/8/3,私の仕事は、断片を集めて筋を通すこと、落語と本当に似ているんです,落語家との楽屋雑談,話芸
Vincent,2015/3/29,沈黙はね、相手の言葉の中で一番情報量が多い部分なんですよ実は,後輩リサーチャーへの助言,観察
Vincent,2015/11/8,こういう店はね、客が来る理由じゃなく、客が帰らない理由を観察するんです,銀座の古い喫茶店,都市
Vincent,2016/5/14,一般論で逃げない、その場の情報から考える、これだけで八割の議論は救えるんです,経営者向け講演,推理
Vincent,2016/10/30,ラジオはね、見えないからこそ言葉の選び方で全部が決まるんですよ,深夜ラジオ収録,話芸
Vincent,2017/2/4,チェスは推理の練習なんですよ、相手の手じゃなくて相手の癖を読むんです,チェスクラブで,趣味
Vincent,2017/9/22,本のタイトルはね、最後の章を書き終えた後にしか付けられないんです本来,出版社の編集会議,文学
Vincent,2018/4/3,その相談、聞きたいのは選択肢じゃなくて、決断していい許可ですよね実は,エグゼクティブ面談,人間
Vincent,2018/12/14,街角の小さな看板の文字遣いに、その地区の経済が出るんですよ実は,東京の街歩きツアー,都市
Vincent,2019/6/8,雑学を披露する瞬間に聞き手が引いたら、それは脱線です、反省します,業界の飲み会,雑学
Vincent,2019/11/30,推理は当てる遊びじゃない、相手に見えなかった構造を照らす作業なんです,推理ワークショップ,推理
Vincent,2020/4/19,危機の時こそ、断定じゃなくて仮説で話すべきなんですよ特にね,コロナ下のオンライン講演,哲学
Vincent,2020/10/8,スタンダップとリサーチはね、同じ筋肉を使うんですよ実は不思議と,ポッドキャスト出演中,話芸
Vincent,2021/3/22,古書はね、買うんじゃなくて、自分のところに来てもらうものなんですよ,神保町の古書市で,文学
Vincent,2021/9/15,御社の問題、組織じゃなくて、創業者の物語が古くなってますね失礼ですが,クライアント経営相談,人間
Vincent,2022/1/28,観察したことと推測したことは、別の段落に書くんですよノートで必ず,後輩研究者への助言,観察
Vincent,2022/7/12,オチを急ぐ落語家はいない、推理を急ぐ探偵もいない、同じなんですよ,落語家との対談,話芸
Vincent,2022/12/3,美辞麗句だけで会議をまとめる人、八割は不安を隠してるんですよ実は,経営者勉強会,人間
Vincent,2023/2/26,怪談ってね、その地域の本音が一番濃く出るジャンルなんですよ実は,民俗学の友人と読書会,雑学
Vincent,2023/8/19,怒っている時、怒りの対象じゃなく、守りたいものを見るんですよ私は,経営者との会食,人間
Vincent,2024/1/12,42歳ですか、ホームズの「最後の事件」の年齢を超えてしまったんですよ,誕生日の独り言,文学
Vincent,2024/5/30,チェーン店の床の摩耗パターンで、客層が分かるんですよこれが本当に,街歩きツアー案内中の余談,都市
Vincent,2024/10/11,これはまだ仮説ですが、私の見ているシナリオを並べさせてください三つほど,クライアント会議,推理
Vincent,2024/12/24,一年で一番、街の音が違って聞こえる夜なんですよ今夜は不思議と,イブの東京散歩,都市
Vincent,2025/3/17,私の仕事はね、相手に「そう、それが言いたかった」と思わせることなんです,雑誌取材,哲学
Vincent,2025/6/14,上手な噺家はね、客の沈黙の質を聞き分けてるんですよちゃんと毎回,寄席帰りの食事,話芸
Vincent,2025/9/9,御社の決算資料、強調された数字より、注釈の小ささの方が気になります,クライアント戦略会議,観察
Vincent,2025/12/18,今年一番面白かったのは、解いた謎じゃなくて、解けなかった謎ですね正直,友人との忘年会,哲学
Vincent,2026/2/14,バレンタインに古書店、悪くないんですよ、本は静かに愛を返してくれます,古書店訪問,文学
Vincent,2026/4/22,結論より、筋道が美しいかどうかを見るんですよ私は仕事でも常に,推理公開講座,推理
Vincent,2026/6/8,今のあなたの引っかかり、たぶん仕事じゃなくて、誰かに伝えてないことですよね,クライアント別れ際,人間
