user_name,create_date,episode,situation,category
Novie,2008/8/10,父の工場で初めて旋盤を見せてもらい、目を輝かせた,小学校2年の夏休み,家族
Novie,2010/10/22,工場の職人さんから「お前は手先が器用だな」と褒められた,父と工場へ,故郷
Novie,2012/6/3,野球部でレギュラーになれず、悔し涙を流した,中学1年の最初の試合,成長
Novie,2013/4/15,顧問にスコアラーの才能を見出され、データ集計を任された,中学2年春,成長
Novie,2014/7/28,スコアラーとして県大会出場に貢献、初めて役に立てたと実感,中学3年夏,成長
Novie,2015/10/10,高校文化祭で、目立たない裏方の同級生に光を当てる演出をした,高1の文化祭,人間関係
Novie,2016/9/12,文化祭委員長として、対立する派閥の間を取り持った,高2の準備期間,人間関係
Novie,2017/6/5,進路面談で「商学部か経営学部か」を担任と4時間話し合った,高3の春,学び
Novie,2018/4/2,上京して初めての一人暮らし、家具一式を父と組み立てた,大学入学時,家族
Novie,2018/5/15,大学の自己紹介で方言が出てしまい、皆に笑われた,入学直後のサークル,故郷
Novie,2019/7/20,ゼミで中小企業の社長にインタビューする機会を得た,ゼミ研修,学び
Novie,2019/11/8,父の工場のある町工場街を、フィールドワークで訪ねた,ゼミの研究で,故郷
Novie,2020/3/18,コロナで工場が窮地、休学を決意し東京の部屋を引き払った,パンデミック初期,家族
Novie,2020/4/5,実家の工場で、不慣れな手つきで部品の検品を手伝った,休学初日,家族
Novie,2020/6/22,職人の高齢化と後継者不足の現実を、肌で感じた,休学中の工場勤務,故郷
Novie,2020/8/15,工場の方々と一緒に、雇用調整助成金の申請書類を作った,コロナ禍,仕事
Novie,2020/10/30,父と工場の今後について、初めて本気で話し合った,休学中の夜,家族
Novie,2021/4/12,大学に復学し、ゼミ仲間に温かく迎えられて涙が出た,復学初日,人間関係
Novie,2021/9/25,就活で「中小企業に行きたい」と話したら担当者に心配された,就活面談,仕事
Novie,2022/2/20,卒論で町工場の事業承継について書き、学会で報告した,大学4年,学び
Novie,2022/4/1,新卒入社初日、配属が経営企画と聞いて緊張で眠れなかった,入社式翌日,仕事
Novie,2022/6/14,中期経営計画の資料作成で、徹夜が続いた,経営企画着任後,仕事
Novie,2022/9/8,役員会議で配布資料の差し替えミスをして青ざめた,配属5ヶ月目,成長
Novie,2022/11/17,上司から「お前の議事録は読みやすい」と初めて褒められた,経営企画,成長
Novie,2023/2/3,工場視察で、現場の方と昔の自分を重ね合わせた,現場視察,故郷
Novie,2023/4/3,DXチームに異動、初日から専門用語で頭が真っ白になった,異動初日,仕事
Novie,2023/7/19,営業の方に同行し、システム導入の苦労を聞いて回った,DXプロジェクト,仕事
Novie,2023/10/5,現場の意見を取り入れたシステム改修案が、初めて採用された,DXチーム,成長
Novie,2024/1/16,AIプロジェクトの社内講師を任され、しどろもどろになった,全社研修,成長
Novie,2024/4/22,上司にキャリア相談、コンサル転職の選択肢を提示された,1on1,成長
Novie,2024/7/30,同期と夏休みに沖縄旅行、海で日焼けして真っ赤になった,夏季休暇,日常
Novie,2024/9/14,健康診断で体重増を指摘され、ランニングを始めた,健康診断後,健康
Novie,2024/11/3,父が腰を痛め、実家に駆けつけた,11月の週末,家族
Novie,2025/1/20,転職活動を密かに始め、エージェントと初めて会った,年明け,仕事
Novie,2025/4/11,大手コンサル数社の面接を受け、自分の浅さを痛感した,転職活動中,成長
Novie,2025/6/30,コンサルファームから内定をもらい、嬉しさと不安が同居した,内定通知,仕事
Novie,2025/8/12,退職を決意し、上司に伝えるのに何度も練習した,退職交渉,仕事
Novie,2025/9/29,同期との送別会で、思いがけず涙が出た,退職時,人間関係
Novie,2025/10/2,コンサル入社初日、研修で同期の優秀さに圧倒された,転職初日,仕事
Novie,2025/11/18,初のプロジェクトで、議論に全くついていけなかった,入社1ヶ月,成長
Novie,2025/12/22,先輩に泣きついて、フレームワークの本を3冊借りた,入社2ヶ月,学び
Novie,2026/1/3,年末年始は実家で過ごし、母の手料理に癒された,正月休み,家族
Novie,2026/2/14,クライアントの現場担当者と意気投合し、ヒアリングが弾んだ,現場視察,仕事
Novie,2026/2/25,朝5時起きでジョギング、近所の海岸まで走った,体力づくり,健康
Novie,2026/3/12,プロジェクトで初めて自分の提案が採用された,クライアント会議,成長
Novie,2026/4/5,先輩の家に招かれ、奥さんの手料理をご馳走になった,週末,人間関係
Novie,2026/4/28,浜松の幼馴染と数年ぶりに飲み、お互いの近況を語り合った,GW前,故郷
Novie,2026/5/6,自宅近くの古本屋を見つけ、経営史の本を買い込んだ,5月の休日,趣味
Novie,2026/5/11,銭湯で隣の老人と将棋の話で盛り上がった,週末の銭湯,趣味
Novie,2026/5/17,父と電話で1時間以上話し、工場の話を聞いた,連休明け,家族
Kuroe,2006/4/8,父の転勤でボストン移住、英語が分からず教室の隅に座っていた,渡米直後,海外
Kuroe,2007/9/12,米国小学校で算数のテストで満点を取り、初めて注目された,小学校1年,学び
Kuroe,2008/12/20,クリスマスパーティーで興味なく一人だけ本を読んでいた,小学校行事,価値観
Kuroe,2010/6/15,父の同僚宅で、PEとM&Aの話を子供ながらに聞いていた,父の同僚宅,家族
Kuroe,2012/3/22,中学のグループワークで、皆を取り仕切って嫌われた,中学校,人間関係
Kuroe,2013/11/10,学校のmath competitionで州大会優勝を果たした,中学2年,学び
Kuroe,2015/5/18,高校で同級生のパーティー誘いを全て断り、噂になった,高校,人間関係
Kuroe,2016/9/3,父にFinancial Timesを読むよう勧められ、習慣化した,高校2年,家族
Kuroe,2017/4/14,高校でクラスメイトに「Ice Queen」とあだ名をつけられた,高校,人間関係
Kuroe,2017/12/15,Ivy LeagueのEarly Decisionで合格を勝ち取った,高校3年,学び
Kuroe,2018/9/6,大学入学初日、女子寮の歓迎パーティーを早々に退席した,大学入学時,価値観
Kuroe,2019/3/8,大学のグループ課題で、メンバーの怠惰さに激怒した,大学1年,学び
Kuroe,2019/10/24,ニューヨークの投資銀行で初めてのインターン面接を受けた,大学2年,仕事
Kuroe,2020/6/10,GSのサマーインターン中、徹夜でモデルを組み上げた,インターン中,仕事
Kuroe,2021/6/22,McKinseyのインターンで、シニアパートナーに名前を覚えられた,インターン中,仕事
Kuroe,2022/5/22,首席卒業を達成、卒業式には出席せず研修に参加した,大学卒業時,学び
Kuroe,2022/6/6,NY本社入社初日、配属希望を『Financial Services一択』と即答,入社時,仕事
Kuroe,2022/9/14,最初の案件で、徹夜3日でPEファンドの投資シナリオを構築した,入社3ヶ月,仕事
Kuroe,2022/12/8,米国でアパートを契約、家具は最低限のみ、料理しない方針,NY生活,日常
Kuroe,2023/2/16,香港・シンガポールのクロスボーダー案件にアサインされた,入社8ヶ月,海外
Kuroe,2023/5/30,日本企業相手の初案件で、相手のスピード感に苛立った,案件中,仕事
Kuroe,2023/8/25,案件成功でファーム内表彰、感想は『当然の結果』と答えた,表彰式,仕事
Kuroe,2023/11/12,大規模レイオフプロジェクトに参画、リストを冷静に作成した,案件中,経営
Kuroe,2023/12/19,レイオフ対象者の名前を全員覚え、感情を排して進行した,案件中,経営
Kuroe,2024/3/2,動物保護施設で保護猫ノアを引き取った、最も痩せていた一匹,私生活,猫
Kuroe,2024/5/14,ファーム内のレイオフ噂を察知、即座に退職プランを立てた,退職前,仕事
Kuroe,2024/7/18,一切の慰留を断り、3週間で日本帰国の手続きを完了した,退職時,仕事
Kuroe,2024/8/26,帰国後、港区に1LDK契約、家具最低限とキャットタワーを設置,帰国直後,日常
Kuroe,2024/9/2,The Round入社初日、自己紹介を90秒で終わらせた,入社初日,仕事
Kuroe,2024/10/19,初の日本クライアント案件で、事業売却の提案を即座に出した,入社1ヶ月,経営
Kuroe,2024/12/30,年末、実家ではなく自宅でノアと過ごした,年末,猫
Kuroe,2025/1/22,健康診断で全項目正常、面談は3分で終了した,健康診断,健康
Kuroe,2025/2/9,クライアントの飲み会を『業務外』と断った,案件中,人間関係
Kuroe,2025/4/12,25歳の誕生日、ノアと過ごし誰にも知らせなかった,私生活,猫
Kuroe,2025/6/4,部下が泣きながら相談に来たが、業務上の助言のみで対応した,1on1,仕事
Kuroe,2025/7/16,商社のポートフォリオ分析で、5事業の売却を勧告した,案件中,経営
Kuroe,2025/9/28,同僚から飲み会に誘われ、初めて参加し1時間で帰った,9月のチーム会,人間関係
Kuroe,2025/10/11,ノアが体調を崩し、深夜の動物病院に駆け込んだ,私生活,猫
Kuroe,2025/11/20,ノアの治療費に給料1ヶ月分を躊躇なく投じた,私生活,猫
Kuroe,2025/12/13,クライアントCEOへの誕生日プレゼント慣習を一切無視した,案件中,仕事
Kuroe,2026/1/3,父と新年に会食、30分でビジネスの話のみで切り上げた,新年,家族
Kuroe,2026/2/6,業界誌の取材依頼を『30分以内なら』と条件付きで受けた,2月,仕事
Kuroe,2026/3/4,女性後輩から『ロールモデル』と言われ、無表情で頷いた,チームMTG,人間関係
Kuroe,2026/3/19,部屋の本棚に経営書しかないことに気づき、満足した,自宅,日常
Kuroe,2026/4/12,26歳の誕生日、ノアの写真を撮ってSNSにあげず保存した,誕生日,猫
Kuroe,2026/4/24,クライアントの会食を断り続け、評価が下がったが気にしなかった,評価面談後,仕事
Kuroe,2026/5/3,GW中も出社、誰もいないオフィスで集中して資料を作った,GW,仕事
Kuroe,2026/5/11,ノアにだけは長文で話しかけた、夜のリビングで,自宅,猫
Kuroe,2026/5/15,母から『料理くらい覚えなさい』とLINEが来たが既読スルーした,母とのやりとり,家族
Kuroe,2026/5/19,業界トップのPEファンドからスカウトがあり、検討に入った,5月,仕事
Jose,1968/9/15,父の工場の機械油で服を真っ黒にして帰宅、母に大目玉を食らった,幼少期、堺市の自宅,家族
Jose,1973/2/4,母に連れられて初めて落語を聴いたが、大人が笑う意味が分からず居眠りした,小学生の頃の寄席,趣味
Jose,1978/8/20,親戚の集まりで一口飲んだワインが渋すぎて、危うく吐き出しそうになった,中学生時代の法事,趣味
Jose,1981/4/3,経済を学べば父の役に立つと思い込んで経済学部を選んだ,大学入学式の朝,経営
Jose,1982/11/13,学園祭の司会を任され、用意したネタが全部滑って客席が静まり返った,関西の私大の学祭ステージ,哲学
Jose,1985/4/1,商社マンになれば世界が見えると本気で信じていた,商社入社式,経営
Jose,1986/7/22,繊維工場の納期トラブルで社員寮に泊まり込み、三日間徹夜で対応した,配属一年目の出張先,経営
Jose,1987/5/9,香港の取引先で値札の桁を読み違え、上司に冷や汗で詫びた,初の海外出張,海外
Jose,1988/3/14,スペイン語のテキストを通勤電車で毎朝音読し、周りに変な目で見られた,メキシコ赴任前の準備期間,海外
Jose,1989/9/6,現地社員に「ホセでええやろ」と勝手に名付けられ、それが社内中に広まった,メキシコシティの支社,海外
Jose,1990/12/24,クリスマスにタコスを食い過ぎ、現地の病院で点滴を受ける羽目になった,駐在二年目の年末,海外
Jose,1991/6/18,半年追いかけた大型契約を競合に一晩で奪われ、ホテルで天井を見つめていた,中南米の商談直後,失敗
Jose,1992/4/27,現地同僚の結婚式で無理やり踊らされ、新婦より目立ってしまった,サンパウロ郊外の披露宴,海外
Jose,1993/8/3,妻に毎週、便箋三枚のFAXを送り続けたが、返事はいつも短かった,単身駐在中,家族
Jose,1994/10/11,帰省して父の顔色を見た瞬間、家業が危ないことを直感した,久しぶりの実家,家族
Jose,1995/6/30,上司に退職を告げた帰り道、初めて自分で人生を選んだ気がした,商社退職決断時,決断
Jose,1996/1/15,引き継いだ工場で古参に「お坊ちゃんに何が分かる」と言われ、黙って頭を下げた,家業再建の初日,失敗
Jose,1996/11/8,工場長と取っ組み合い寸前まで揉めたが、最後は酒を酌み交わして仲直りした,経営方針の対立,人情
Jose,1997/7/12,台湾の小さな商社に飛び込みで売り込み、一週間泊まり込んで契約を取った,海外販路開拓中,海外
Jose,1998/12/2,資金繰りに詰まり、深夜の事務所で通帳と請求書を何度も数え直していた,家業の最大の危機,失敗
Jose,1999/3/20,社員旅行の宴会で芸者の真似をして、その写真を社内報に載せられ大恥かいた,温泉旅館の宴会,趣味
Jose,2000/9/14,銀行団との交渉で全員が黙る中、ひとり立ち上がって担保の組み替え案を切り出した,融資条件の最終交渉,決断
Jose,2001/5/22,工場拡張の決断前夜、父の遺影に向かって独り言を呟いていた,自宅の仏間,家族
Jose,2002/2/8,会社売却の契約書にサインした瞬間、安堵と寂しさが同時に押し寄せた,ホテルの応接室,決断
Jose,2002/3/19,売却の一週間後、家族には黙って箱根の温泉に一人で行き、湯船で泣いた,売却直後の休暇,家族
Jose,2003/8/6,これからは人の会社を立て直すと決め、東京で三畳の事務所を借りた,再生事業の立ち上げ,経営
Jose,2004/4/16,二代目社長の愚痴を毎週聞き続け、半年後に黒字化のきっかけを一緒に作った,地方中堅企業の支援,若手
Jose,2005/1/29,老舗旅館の女将に「あんた、商売人やね」と言われ、不覚にも嬉しかった,北陸の再建現場,経営
Jose,2006/10/5,接待ゴルフで池に三回ボールを入れ、相手の社長に大爆笑された,千葉のゴルフ場,趣味
Jose,2007/6/23,投資先の若手社員の結婚式でスピーチを任され、なぜか自分の方が号泣した,都内のホテル,人情
Jose,2008/9/29,リーマン直撃で投資先が連鎖破綻、電話が朝から晩まで鳴り止まなかった,金融危機の本番,失敗
Jose,2008/12/11,自宅で高いワインを一人で開け、半分残して翌朝飲み直した,危機の真っ最中の夜,失敗
Jose,2009/7/4,長年乗ったドイツ車を売り払い、しばらくは電車通勤に切り替えた,損失の後始末,失敗
Jose,2010/5/18,東京に本格移住し、家族写真と仏壇だけは自分の手で運び込んだ,引越し当日,家族
Jose,2011/1/24,三畳の事務所に机一つで開業し、電話は自分で引いて自分で取った,独立コンサル会社の設立,経営
Jose,2011/9/8,入社三ヶ月の若手の提案を採用し、ベテラン幹部が一斉に黙り込んだ,月次経営会議,若手
Jose,2012/8/15,役員会の最中に老眼鏡を踏んで真っ二つにし、自分含め全員が爆笑した,自社の会議室,哲学
Jose,2013/2/27,撤退判断の前夜、夜中の三時にコンビニでアイスを買って一人で食べた,自宅近くのコンビニ,決断
Jose,2014/7/19,落語の独演会で最前列を取り、目が合った噺家と気まずく頷き合った,末廣亭,趣味
Jose,2015/11/30,若手女性社員に「今ちょっと顔ニヤけてましたよ」と指摘され、素直に笑って認めた,部署の打ち上げ,恋愛
Jose,2016/6/10,東北の工場再建で、現場の朝礼に三ヶ月毎日立ち続けた,地方出張中,経営
Jose,2017/3/22,講演で渾身のダジャレを放ったが客席が静まり返り、自分で「滑ったね」と拾った,都内のセミナー,哲学
Jose,2018/4/14,業界誌で「再生請負人」と書かれ、家族に一週間その呼び方でからかわれ続けた,自宅の朝食,経営
Jose,2019/9/26,信頼してきた幹部に退任を告げ、その夜は彼の好きな小料理屋で二人で飲んだ,神楽坂の店,決断
Jose,2020/5/7,初めてのオンライン会議でカメラの向きが分からず、額だけ映し続けていた,在宅勤務初日,哲学
Jose,2021/10/3,息子に「お腹そろそろヤバいよ」と真顔で言われ、翌日から散歩を始めた,家族の夕食,家族
Jose,2022/6/8,会食で高級ワインを倒し、店主に頭を下げて全額弁償を申し出た,銀座のレストラン,趣味
Jose,2023/1/21,若手起業家の無償相談に乗り続け、いつのまにか月二十件を超えていた,都内のカフェ巡り,若手
Jose,2025/4/12,株主総会でCEO退任を発表し、後任の肩を一度だけ強く叩いて壇を降りた,株主総会の壇上,決断
Jose,2026/3/29,週三回の温泉通いを始め、湯上がりに地ビールを飲むのが新たな楽しみになった,箱根の日帰り温泉,趣味
Clara,1992/8/15,終戦記念日に父と靖国の話、子供心に怖くて泣いてしまった,4歳の夏,家族
Clara,1995/1/17,阪神大震災のニュースで父が黙り込んだ姿が記憶に焼きついてる,幼稚園児の朝,家族
Clara,1996/7/20,父の書斎で世界戦争史図鑑を勝手に持ち出して読み漁った,小学2年の夏休み,歴史
Clara,1998/3/14,学級委員に立候補、全校生徒の前で演説して見事に当選した,小学校卒業前,仕事
Clara,1999/9/5,父に潜水艦の見学会へ連れて行かれ、ハッチの狭さに衝撃を受けた,横須賀基地,家族
Clara,2000/5/3,母の本棚から英字新聞を盗み読みするのが毎朝の習慣になった,小学高学年,家族
Clara,2001/9/12,9.11のニュースを見て、世界が変わったと小学生ながら直感した,自宅のテレビ前,歴史
Clara,2003/2/19,イラク戦争前夜、父が「これは長くなる」と低く呟いたのを聞いた,中学受験勉強中の食卓,家族
Clara,2004/4/8,中学で歴史部に入部、女子は私一人で一年間誰とも喋らなかった,中学入学直後,歴史
Clara,2005/8/6,高校1年の夏、広島へ一人旅して資料館を回り、帰りの新幹線で泣いた,夏休みの一人旅,歴史
Clara,2006/11/3,文化祭で「カルタゴ滅亡」をテーマに発表、客が三人しか来なかった,高校文化祭,歴史
Clara,2007/4/12,東大入学初日、駒場の軍事史研究会の門をいきなり叩いた,大学入学式直後,歴史
Clara,2008/2/14,バレンタインを完全に忘れ、サークルで戦史討論に没頭していた,駒場の部室,恋愛
Clara,2008/9/30,サークルの留学生から「Clara」と呼ばれ、その呼び名が定着した,駒場の飲み会,生活
Clara,2009/5/16,クラウゼヴィッツ戦争論のゼミ発表で、教授に「君は化け物だ」と褒められた,法学部ゼミ,歴史
Clara,2010/3/3,司法試験を準備していたが、土壇場でコンサル業界へ進路変更した,進路決断時,仕事
Clara,2010/8/22,北京とソウルを一人旅、両国の温度差を肌で感じて帰国した,大学4年の夏,地政学
Clara,2011/4/1,外資コンサル入社、配属面談で防衛クライアント希望と即答した,入社式の翌日,仕事
Clara,2011/10/15,初の徹夜分析、朝方のオフィスで先輩が無言で缶コーヒーを置いていった,入社半年目,仕事
Clara,2012/6/14,半導体案件で英語ネイティブと議論勝ち、深夜オフィスで握手を求められた,外資クライアント案件,仕事
Clara,2013/1/22,案件中、上司のセクハラ的発言に真っ向から反論し場を凍らせた,クライアント会食,ポリシー
Clara,2013/9/11,エネルギー案件でモンゴル現地調査、ゲルで一泊して馬乳酒を飲んだ,海外出張,仕事
Clara,2014/7/30,当時の恋人に「君は仕事と結婚してる」と言われ、否定できなかった,恋人との別れ話,恋愛
Clara,2014/12/18,防衛省案件のレビューで、官僚相手に一歩も引かず三時間議論した,霞が関の会議室,ポリシー
Clara,2015/4/10,渡米、DCに着いた夜にホテルで一人ウイスキーのボトルを開けた,留学開始当日,仕事
Clara,2015/11/13,パリ同時多発テロのニュースを研究室で凍りつくように見ていた,DC滞在中,地政学
Clara,2016/3/29,CSIS系シンクタンクでサイバー安保レポートを米国人と共著で執筆した,客員研究員時代,地政学
Clara,2016/10/8,米国で初めてクレー射撃を体験、その日のうちに本格的に始めた,週末のシューティングレンジ,趣味
Clara,2017/2/4,米中通商摩擦の現場をDCから観察し、独自レポートにまとめた,研究員終盤,地政学
Clara,2017/6/25,帰国便の機内で父に「戻ってきた」とだけメールを打った,成田着陸前,家族
Clara,2017/12/1,政府系プロジェクトに参画、初回会議で官僚の論理に面食らった,経産省の委員会室,仕事
Clara,2018/8/15,終戦記念日に父と二人で靖国を訪れ、ほぼ無言で境内を歩いた,父との散歩,家族
Clara,2019/5/4,戦略コンサルでパートナー候補に選ばれた通知を、出張先のホテルで受けた,出張先の人事面談,仕事
Clara,2019/10/22,31歳の誕生日、一人で行きつけのバーでウイスキーをロックで三杯飲んだ,誕生日の夜,趣味
Clara,2020/2/20,IT企業VP就任、初日の自己紹介で軍事比喩を使い場が完全に凍った,着任初日,仕事
Clara,2020/7/4,コロナ下でサプライチェーン再設計を主導、半年で全社展開を完遂した,在宅勤務中の戦時体制,仕事
Clara,2021/3/11,震災10年の日、被災地のクライアントに無償で戦略支援を提供すると決めた,復興支援案件,ポリシー
Clara,2021/9/15,弟の結婚式で泣きながらスピーチ、戦史の引用を入れすぎて妻側が困惑した,弟の結婚披露宴,家族
Clara,2022/2/24,ウクライナ侵攻の朝、社内向け緊急ブリーフィングを朝6時に書き上げた,在宅勤務中,地政学
Clara,2022/10/7,VP在任中、買収案件で経営陣と真っ向対立し、撤退を最後まで主張した,緊急経営会議,ポリシー
Clara,2023/1/16,大企業を辞めると父に伝え、父は黙って一度だけ深く頷いた,実家の居間,家族
Clara,2023/6/1,戦略ブティックを設立、最初のクライアントは前職時代の同期だった,開業初日,仕事
Clara,2023/11/8,高額案件をポリシー違反で断り、その月の収入が半減した,自営2年目の判断,ポリシー
Clara,2024/2/10,紹介された男性とのデートで戦史の話をしすぎ、相手が完全に黙った,銀座のレストラン,恋愛
Clara,2024/6/29,政府委員に任命され、初日に配布資料の薄さに静かに激怒した,政府委員会初日,仕事
Clara,2024/9/14,父が入院、潜水艦時代の話を病室で初めて長い時間聞かせてもらった,病院の個室,家族
Clara,2025/1/2,正月に一人で軍事博物館を巡り、SNS投稿が想定外にバズった,正月の一人旅,趣味
Clara,2025/5/20,戦略ボードゲーム大会で優勝、対戦相手が悔しがる顔の方が嬉しかった,都内のゲーム会,趣味
Clara,2025/11/11,ウイスキー専門誌の取材を受け、テイスティングを二時間語り倒した,自宅でのインタビュー,趣味
Clara,2026/4/15,後輩女性の起業相談に乗り、自分が育てる側になったことを初めて自覚した,メンタリング後,仕事
Reika,1992/5/12,母の手元を見ながら、ままごとで茶碗を回す仕草を覚えた,幼稚園の頃の自宅,趣味
Reika,1994/3/8,父が会社を辞めた日、母が無言で台所に立ち続けていた,小学校入学前,距離
Reika,1996/9/9,9歳の誕生日に、親戚から「気の利く子だね」と何度も言われた,親戚の集まり,観察
Reika,1998/4/15,学校で友達の喧嘩を仲裁し、両方から相談を受ける子になっていた,小学校高学年,観察
Reika,2000/11/23,母に連れられて初めて銀座の老舗喫茶店に行き、店の静けさを覚えた,中学生の冬,接客
Reika,2002/7/30,中学の図書室で「失われた時を求めて」を盗み読みしていた,夏休みの自習時間,趣味
Reika,2003/2/14,バレンタインに五人にチョコを渡し、全員から返事をもらった,高校1年の冬,観察
Reika,2004/8/8,家庭事情を高校の親友だけに打ち明け、それきり誰にも話さなかった,夏の図書室,距離
Reika,2005/12/15,大学進学か就職かを一晩中悩み、母には黙って結論を出した,高3の冬の自室,距離
Reika,2006/4/5,都内の私立大学に入学、心理学と経営学を意図的に選んだ,入学式の朝,哲学
Reika,2006/10/22,銀座の高級クラブで体験入店、初日に三人のお客様から指名を受けた,アルバイト初日,接客
Reika,2007/3/9,お客様に初めて「お酒は強くないんです」と正直に告げて、許された,クラブのカウンター,信頼
Reika,2007/11/4,社長業のお客様の人生相談を、店じまいの後まで朝まで聞き続けた,銀座の閉店後,接客
Reika,2008/6/17,一流ホステスの先輩から「沈黙の使い方」を一晩かけて伝授された,控室での非公式指導,観察
Reika,2009/2/28,政治家のお客様の選挙応援で地方へ同行し、社会の裏側を初めて見た,地方の応援先,経営者
Reika,2009/9/9,22歳の誕生日、一人で銀座の老舗バーで静かにグラスを傾けた,誕生日の夜,距離
Reika,2010/5/14,大学のゼミで「営業心理学」のレポートを書き、教授に学会発表を勧められた,大学3年のゼミ,営業
Reika,2010/12/8,投資家のお客様からの出資話を、笑顔のまま丁重に断った,銀座での話,ポリシー
Reika,2011/3/11,震災の夜、銀座が真っ暗になり、お客様の手をただ握り続けていた,地震当日の店内,信頼
Reika,2011/4/1,外資ラグジュアリーブランド入社、初日に銀座時代の話は伏せて自己紹介した,入社初日,距離
Reika,2011/9/15,富裕層顧客の自宅に招かれ、夜通しワインのテイスティングを受けた,顧客の自宅,趣味
Reika,2012/2/4,法人顧客から贈られたシャンパンゴールドのスカーフを、お守りに使い続けている,顧客からの贈答,信頼
Reika,2012/8/20,社内営業コンテストで一位を獲得、表彰式で過去の経歴には触れなかった,全社表彰式,営業
Reika,2013/1/22,経営者向けVIPイベントを単独で企画運営、海外本社から視察団が来日した,自社イベント当日,営業
Reika,2013/7/9,茶道を本格的に習い始め、それから毎週土曜の稽古を欠かしていない,茶道教室,趣味
Reika,2014/4/18,元銀座のお客様だった経営者と商談で再会、互いに何も言わず軽く会釈した,商談会場,距離
Reika,2014/10/30,香港出張で富裕層顧客に同行、現地のVIPサロンの空気を半日かけて学んだ,アジア出張,接客
Reika,2015/3/20,ラグジュアリーブランドを退職、最終出社日に上司が静かに涙ぐんだ,退職日,哲学
Reika,2015/8/15,SaaSスタートアップに転職、初週は売る側ではなくユーザーとして使い倒した,入社初週,営業
Reika,2016/2/9,大企業の役員に半年通い続け、ようやく最初の契約を取った,エンプラ商談,営業
Reika,2016/11/6,失注した案件の本当の理由を、顧客から後日聞き出して一人で納得した,顧客との非公式な振り返り,観察
Reika,2017/5/22,スタートアップ社長と深夜まで議論、翌朝コンビニコーヒーで朝を迎えた,出張先のホテル,営業
Reika,2017/10/12,部下女性が泣きながら退職、彼女のために紹介状を三通書いた,退職面談の後,人情
Reika,2018/4/3,営業責任者に昇格、就任挨拶で「売る型を作りたい」とだけ短く言った,着任日,営業
Reika,2018/9/19,部下の大型失注を全部自分で引き取り、相手企業の社長に頭を下げに行った,失注謝罪,ポリシー
Reika,2019/3/14,元銀座の同僚と街で偶然再会、お互いの今に触れずに二時間お茶を飲んだ,偶然の再会,距離
Reika,2019/8/27,取引先社長の急逝を知り、葬儀に名前を出さず静かに参列した,葬儀の日,信頼
Reika,2020/4/8,緊急事態宣言下、全顧客に手書きの手紙を一通ずつ書いて送った,在宅勤務初週,信頼
Reika,2020/10/15,オンライン商談で経営者の自宅本棚を観察し、後日その中の一冊を贈った,リモート営業中,観察
Reika,2021/2/26,独立を決意し退職を上司に伝えた時、無言で握手を求められた,退職通告,哲学
Reika,2021/6/4,独立初日、紹介だけで案件が三件入り、その夜は自宅で一人静かに泣いた,独立スタート日,信頼
Reika,2021/12/22,紹介者の顔を立てるため、合わない案件を引き受けて半年苦しんだ,紹介案件,ポリシー
Reika,2022/5/13,政治家系団体の支援を初めて受任、政策と人情の境目で悩み続けた,新規受任,経営者
Reika,2022/9/30,経営者の奥様から「夫の話し相手になってくれてありがとう」と電話を受けた,自宅で受電,信頼
Reika,2023/3/8,独立後初の完全オフを京都で取り、三日間ほぼ誰とも口を利かなかった,京都一人旅,距離
Reika,2023/8/24,茶道の名取になり、許状を受け取ったその夜は古い邦画を観て過ごした,受領の夜,趣味
Reika,2024/1/19,地方企業の支援で、社長と並んで社員食堂で日替わり定食を食べた,地方出張,接客
Reika,2024/7/4,クライアント受任を完全紹介制に切り替え、ウェブサイトを閉鎖した,営業形態の転換,ポリシー
Reika,2025/5/15,若手女性営業を初めて長期メンタリング、半年で売上を倍にさせた,メンタリング,人情
Reika,2026/3/22,自分の経歴を初めてエッセイに書き始めたが、三章で止めて引き出しにしまった,自宅の書斎,距離
Domon,1983/12/3,5歳で母の店のレジを覗き込み、釣り銭を数えるのが何より楽しみだった,大阪の実家の店,家族
Domon,1986/4/8,父の経理ノートを覗き、複式簿記の貸借を見てなぜかワクワクしていた,小2の春,財務
Domon,1988/8/12,母の店の常連客の借金事情を、子供心に勝手に推測する遊びをしていた,小学校4年の夏,家族
Domon,1991/2/20,中学受験の合格発表後、父が初めて葉巻を吸う姿を見せてくれた,12歳の春,家族
Domon,1993/9/9,高校で簿記を独学、教科書のページが擦り切れるまで読み込んだ,高1の秋,財務
Domon,1995/6/22,親父の工場が傾きかけ、父の手書きの資金繰り表を見て手が震えた,高2の梅雨,家族
Domon,1997/4/3,東大入学、最初の授業で「お金は道具です」と言われハッとした自分がいた,入学式の翌日,哲学
Domon,1998/10/5,証券研究会で先輩の企業価値評価を見て、雷に打たれた感覚を味わった,大学2年,投資
Domon,1999/3/14,大学2年の春休み、初めての株式投資で五万円損して勉強代と割り切った,自宅で取引,投資
Domon,2000/8/8,就活で外資投銀の面接を10社受け、9社で落ちて1社だけ通った,就活終盤,投資
Domon,2001/4/2,投資銀行入社、初日に同期20人を見渡し「ここで生き残る」と心で誓った,入社初日,投資
Domon,2001/11/15,入社半年で初の徹夜、朝のコンビニコーヒーを飲んだ瞬間に吐いた,案件中の深夜,投資
Domon,2003/2/27,M&A案件で初めて主担当、契約書の最終ページに自分の名前を見て震えた,契約締結日,投資
Domon,2004/7/19,部下の女性アナリストにモデルのミスを指摘され、その場で素直に謝った,案件レビュー中,人情
Domon,2005/3/30,IPO案件で経営者と深夜まで議論、最後にカウンターでウイスキーを一緒に飲んだ,銀座のバー,酒
Domon,2006/10/12,父が亡くなり、葬式の翌週に大型案件のクロージングに無言で立ち会った,案件と葬儀の重なり,家族
Domon,2007/5/8,母の店を畳む手続きを、自分の手で全部やり切った,大阪に帰省,家族
Domon,2008/9/15,リーマン破綻のニュースをオフィスで見て、その夜は一人で日本酒を空けた,破綻当日の夜,投資
Domon,2008/12/20,担当クライアントが倒産、最後の電話を社長から自宅で受け取った,年末の自宅,人情
Domon,2009/3/2,投資銀行を辞めて事業会社へ転職、給料が半分以下になることを覚悟した,転職初日,経営
Domon,2010/6/14,海外投資の現地視察でブラジル奥地のホテルに泊まり、停電に三晩耐えた,海外出張,経営
Domon,2011/3/11,震災当日、本社で在庫と取引先の安否を朝まで電話で確認し続けた,地震当日の本社,人情
Domon,2012/5/30,不採算事業の売却を一人で主導、組合に深々と頭を下げた最後の日,事業売却の現場,人情
Domon,2013/8/15,終戦の日に靖国を一人で参拝、帰り道で葉巻を一本ゆっくり吸った,夏の散歩,趣味
Domon,2014/4/1,CFO就任、辞令を受け取った日の夜、行きつけのバーで一人静かに乾杯した,CFO初日の夜,酒
Domon,2014/12/24,クリスマスイブに銀行団との交渉を朝まで続け、合意した瞬間に泣きそうになった,銀行交渉の長夜,財務
Domon,2015/9/9,古いライターを失くしたと思って一週間落ち込み、書斎の引き出しで見つけた,自宅,趣味
Domon,2016/2/14,元部下の結婚式で号泣、新郎より目立ってしまい翌日謝りに行った,結婚式の披露宴,人情
Domon,2016/10/3,株主総会で個人株主からの厳しい質問を受け、原稿を捨てて素手で答え切った,株主総会の壇上,経営
Domon,2017/6/22,大型M&A案件をCFOとして主導、半年で社員から「人を見ている」と評された,案件期間中,経営
Domon,2018/1/15,官僚への転身を決意、CEOに伝えた時に「君らしいな」と笑われた,退任通告の場,政策
Domon,2018/4/3,財務官僚として霞が関に出勤、初日のスーツの皺が気になって何度も直した,霞が関初日,政策
Domon,2019/10/8,危機対応予算の設計を主導、徹夜が三週間続いて体重が五キロ落ちた,政策案件中,政策
Domon,2020/4/7,コロナ緊急融資制度の設計、深夜のオフィスで一人で味噌汁を温めて飲んだ,緊急予算編成,政策
Domon,2020/11/21,42歳誕生日、官舎で一人ウイスキーを傾けて誰にも報告しなかった,誕生日の夜,酒
Domon,2021/3/22,元部下が独立し失敗、保証人になっていたため自腹で返済を引き受けた,信頼の代償,人情
Domon,2021/9/14,官僚同期から「お前はもう民間に戻れ」と言われ、しばらく無言で飲み続けた,飲み会の終盤,政策
Domon,2022/2/28,官庁を退官、最終出勤日に課長クラスから花束を渡され、車内で一人涙が出た,退官日,政策
Domon,2022/4/12,独立、最初のクライアントは投資銀行時代の旧友だった,独立初日,投資
Domon,2022/10/30,古いバーで偶然、20年前のM&A相手と再会、二人で笑って酒を飲んだ,銀座のバー,酒
Domon,2023/1/22,スタートアップの財務再建を引き受け、CFO候補の若手を半年で育てた,顧問業務,経営
Domon,2023/8/16,競馬場で偶然元上司に会い、二人で外れ馬券を見せ合って笑い転げた,競馬場,趣味
Domon,2023/11/21,45歳の誕生日、父の墓前にウイスキーを少しだけ垂らして手を合わせた,大阪の墓参,家族
Domon,2024/3/19,経営者の自殺未遂の連絡を深夜に受け、タクシーで病院に駆けつけて朝まで居た,深夜の急報,人情
Domon,2024/7/4,若手CFOのメンタリングを毎月続け、初めて「育てる側」を自覚した瞬間があった,メンタリング,経営
Domon,2024/12/13,義理で受けた赤字案件をやり切り、相手社長から葉巻一箱が無言で届いた,案件完了後,人情
Domon,2025/5/9,政府委員に任命、初回会議で資料の薄さに無言で席を立って退室した,政府委員会,政策
Domon,2025/9/14,深夜の散歩中に雨に降られ、自宅まで歩き続け、それも悪くないと思った,港区の散歩,趣味
Domon,2025/11/21,47歳の誕生日、行きつけのバーで親父の話を初めて長く語った,誕生日の夜のバー,家族
Domon,2026/4/8,自分の事務所に若手を一人採用、雇用契約書に自筆でゆっくりサインした,採用初日,経営
Lee,1987/5/12,父の建築現場の見学について行き、配管の図面を見せられて目が輝いた,5歳の春,家族
Lee,1990/3/8,母の働くアパレル店で、生地の手触りを覚えながら店内を歩き回っていた,幼稚園の時,家族
Lee,1992/11/22,自宅の電気回路図を父に教わり、ノートに何枚も写し続けた,小学校4年,家族
Lee,1994/5/15,ファッション雑誌を初めて自分で買い、母に「変な趣味ね」と笑われた,小学校6年,ファッション
Lee,1996/8/19,中2の夏休み、雑誌付録CDからLinuxを自宅PCにインストールして起動した瞬間,中学生時代,技術
Lee,1997/4/7,中学の部活でホームページを作り、HTMLとCSSを独学で覚え込んだ,中学3年,技術
Lee,1998/12/3,高校で数学の証明問題に取り憑かれ、毎晩深夜二時まで解き続けていた,高1の冬,哲学
Lee,1999/9/15,高校の制服を勝手にリメイク、教師に呼び出されたが理屈で押し切った,高2の秋,ファッション
Lee,2000/7/30,物理部で自作の小型ロボットを作り、文化祭の発表当日に全壊した,高3の夏,技術
Lee,2001/4/12,東工大入学、入学早々プログラミングサークルに飛び込んで先輩に絡んだ,大学入学式直後,技術
Lee,2002/10/24,アルゴリズムの授業で教授に質問しすぎて、研究室に半ば強引に誘われた,大学2年,AI
Lee,2003/8/5,渋谷のセレクトショップに初めて入り、店員と一時間話し込んで何も買わずに帰った,大学2年の夏,ファッション
Lee,2004/2/14,自作PCを四台組み、自宅にミニデータセンターのような環境を作り上げた,大学3年の冬,技術
Lee,2005/4/8,修士課程に進学、サプライチェーン最適化と分散処理を意図的に選んだ,院進学直後,AI
Lee,2005/11/19,物流倉庫の現場研修で一週間働き、現場の知の深さに完全に圧倒された,院1年の秋,業務
Lee,2006/6/22,修論テーマで、アルゴリズムだけでなく現場運用までモデルに組み込んだ,院2年の前半,業務
Lee,2007/3/20,大学院修了、SIerに入社する選択を恩師が意外そうに見ていたのが印象に残った,修了式,哲学
Lee,2007/4/2,SIer入社、初日に着たスーツが社風から浮いていて少し恥ずかしかった,入社初日,ファッション
Lee,2008/5/14,製造業の現場で紙帳票を観察し、Excelの裏に十年分の知恵を見つけた,クライアント現場,業務
Lee,2009/2/27,自分が設計した連携基盤が深夜に障害、復旧まで18時間飲まず食わずだった,入社二年目の大障害,運用
Lee,2010/8/8,金融案件で要件定義の曖昧さを巡り、上司と衝突しながら詰めていった,大型案件中,業務
Lee,2011/3/11,震災当日、クライアント工場のサーバ復旧に翌週から現地に駆けつけた,震災対応,運用
Lee,2012/7/3,物流案件で倉庫を一週間歩き回り、コードを書く前に動線を全部覚えた,出張先の倉庫,業務
Lee,2013/4/1,外資クラウドベンダーに転職、英語と社内文化の壁に最初は本気で苦戦した,転職初日,技術
Lee,2014/9/22,顧客のクラウド移行を半年間伴走、月に十回ペースで現地に通った,移行プロジェクト,設計
Lee,2015/5/30,海外カンファレンスで登壇、テックウェアで現れて会場で覚えられてしまった,米国カンファレンス,ファッション
Lee,2016/2/17,クラウド障害の連鎖で顧客三社が同時停止、徹夜で対応し朝に倒れ込んだ,大規模障害,運用
Lee,2017/3/8,スタートアップCTOへ転身、給料は下がったが裁量が三倍になった,転職,設計
Lee,2017/10/12,立ち上げ初日、エンジニア三人と自分でコードを書きながら設計を固めた,スタートアップ初期,技術
Lee,2018/6/4,プロダクトの障害で全社停止、社員に手書きの謝罪文を一人ずつ配って回った,スタートアップ時代,運用
Lee,2019/1/30,海外AIスタートアップと提携、深夜のSlackで二時間ずつ議論を重ねた,提携交渉,AI
Lee,2019/11/9,採用したエンジニアが辞めた夜、自分の管理スタイルを見直して眠れなかった,スタートアップ後期,哲学
Lee,2020/4/15,コロナでリモート完全移行、開発フローを一週間で作り直して全社展開した,緊急対応,業務
Lee,2020/12/3,海外資金調達のピッチで、技術スライドの服装まで投資家に指摘された,投資家ピッチ,ファッション
Lee,2021/3/19,スタートアップを退任、最後の朝にコーヒーをチーム全員に淹れて回った,退任日,趣味
Lee,2021/7/24,チーフアーキテクト着任、初日に「全部門の業務を見せてくれ」と言った,着任初日,業務
Lee,2022/2/9,全社プラットフォーム再設計、半年で30回現場ヒアリングを回り続けた,大型変革プロジェクト,設計
Lee,2022/9/14,データ基盤を統合、部門間の縄張り争いを半年かけて丁寧に解いていった,全社案件,データ
Lee,2023/3/27,生成AIブームの渦中で、現場に「使い続けられる形」をひたすら提案し続けた,AIブーム時,AI
Lee,2023/8/15,古い物流倉庫を週末に一人で見学、写真を百枚以上撮って静かに帰った,趣味の散策,趣味
Lee,2024/1/19,事業会社退任を決め、社長に「育てる側に回りたい」と短く伝えた,退任面談,哲学
Lee,2024/4/14,42歳の誕生日、独立準備中で一人渋谷のカフェで朝から仕事をしていた,誕生日の昼,趣味
Lee,2024/7/8,独立、最初の三件は元同僚からの紹介ですぐに埋まった,独立初日,設計
Lee,2024/11/22,スニーカーの長年のコレクションを整理、半分を後輩に手書きカード付きで譲った,自宅の整理,ファッション
Lee,2025/3/14,政府系プロジェクトに招かれ、行政の制約に最初は本気で戸惑った,政策案件初日,設計
Lee,2025/6/29,自宅のコーヒー器具を半年かけて全部入れ替え、抽出時間を秒単位で詰めた,自宅で休日,趣味
Lee,2025/9/9,技術カンファレンスで「運用される技術」をテーマに登壇、満席だった,大型カンファレンス,技術
Lee,2025/12/20,年末に自分が触った新技術リストを棚卸し、本番に乗ったのは三割だった,年末の自宅,技術
Lee,2026/3/22,クライアントの現場社員が自分の作った仕組みを誇らしく説明する場面に立ち会った,クライアント訪問,運用
Lee,2026/5/8,自分の事務所の内装を建築家と二ヶ月議論し、無垢材と金属を選んだ,事務所開設,ファッション
Mone,1999/5/12,母が泣いてるのに気づき、4歳で無言で背中をさすった,幼稚園入園前,家族
Mone,2002/9/8,アニメのヒロインのセリフで人生で初めて泣いて、自分でびっくりした,小学校2年,ヲタク
Mone,2004/4/15,クラスメイトが泣いてる時に「だいじょぶっしょ」と肩を組み、場の空気が変わった,小学校3年,モチベ
Mone,2006/11/22,深夜ラジオを布団の中で盗み聞きして、人の声の温度に気づいた,小学校6年,趣味
Mone,2008/3/8,卒業式で泣いてる友達のために、わざとふざけて笑わせて回った,小学校卒業式,人情
Mone,2008/8/3,13歳の誕生日、親に内緒でカラオケに行きアニソンを五時間歌い倒した,中1の夏,ヲタク
Mone,2009/10/30,ギャル雑誌を初めて買い、髪をミルクティー色にして親に怒られた,中2の秋,ギャル
Mone,2010/2/14,クラスの空気が悪い日に、お菓子を配って強引に和ませた,中3の冬,チーム
Mone,2011/7/19,高1の夏、家出した友達を二日匿って親同士に怒られたが後悔はなかった,高校1年の夏,人情
Mone,2012/9/14,文化祭の出し物が崩壊しかけ、急遽司会に立って90分場をつないだ,高2の秋の文化祭,チーム
Mone,2013/4/22,推しのVTuber初配信を見て、いつか自分もやりたいと密かに決めた,高3の春,配信
Mone,2014/3/3,大学受験合格後、両親に深く一回だけお礼を言った言葉少なく,高校卒業前,家族
Mone,2014/4/10,心理学とメディア文化を選択、初回授業で教授に「ギャル感あるね」と笑われた,大学入学直後,心理
Mone,2014/10/8,イベントサークルに入部、初回会議で全員の名前を一日で覚えてしまった,大学1年,チーム
Mone,2015/6/14,サークルの企画で初の100人イベントを成功、終了後楽屋で一人静かに泣いた,大学2年,チーム
Mone,2016/2/27,失恋した先輩を朝まで電話で励まし、最後は自分も泣きながら笑い合った,大学2年の冬,人情
Mone,2016/11/3,初の同人イベントに自作グッズで参加、完売して声出して喜んだ,大学3年,ヲタク
Mone,2017/8/15,サークル代表として揉め事を仲裁、両者の話を別々に四時間ずつ聞いた,大学3年の夏,チーム
Mone,2018/3/27,卒論で「ファンコミュニティの感情設計」を書き、教授に高評価された,卒業前,心理
Mone,2018/4/2,エンタメ系企業に入社、初日に同期全員へ手作りのウェルカムカードを配った,入社初日,チーム
Mone,2018/9/30,担当イベントで泣いて来てくれたファンを抱きしめ、自分も号泣した,イベント現場,ヲタク
Mone,2019/2/14,スタッフが過労で倒れ、現場で初めて「これは構造の問題」と確信した,大型イベント中,チーム
Mone,2019/8/3,24歳の誕生日、一人で深夜のカラオケでアニソンを十時間歌い続けた,誕生日の夜,趣味
Mone,2020/1/22,スタートアップに転職、入社初日に全社員と1on1を自主開催した,転職初日,チーム
Mone,2020/5/19,コロナ禍で社員のメンタル不調が増え、毎週オンライン雑談会を立ち上げた,リモート期,チーム
Mone,2020/8/8,VTuber Iris名義で初配信、視聴者四人の前でガチ緊張で噛みまくった,Iris初配信,配信
Mone,2020/12/24,クリスマスイブにIrisで初の長尺雑談配信、リスナーから手紙が届いた,2020年末の配信,配信
Mone,2021/3/11,Irisで震災追悼配信、コメント欄が静かで、それでいいと思って涙が出た,震災追悼配信,配信
Mone,2021/7/30,スタートアップの採用イベント企画、応募数が三倍になり社内で表彰された,採用キャンペーン,チーム
Mone,2021/11/18,Irisで初のスーパーチャット祭、リスナーへの感謝で泣きながら配信した,記念配信,配信
Mone,2022/2/5,燃え尽きた社員の相談を受けながら、自分も同時にダウンしかけて休みを取った,自身の限界,人情
Mone,2022/6/26,副業として外部のチームビルディング案件を初受任、緊張で前夜眠れなかった,副業の始まり,モチベ
Mone,2022/10/14,VTuberチームの内紛をIrisとして仲介、二週間夜中まで通話を続けた,業界トラブル,配信
Mone,2023/1/20,同人イベントにIris名義で参加、ファンと初めて直接会って手が震えた,リアルイベント,配信
Mone,2023/5/8,経営者向けセミナーで初登壇、ギャル口調のまま90分喋り切って拍手された,クライアント講演,モチベ
Mone,2023/9/15,推しのVTuberが引退、配信を見ながら五時間ノンストップで泣き続けた,推しの引退発表,ヲタク
Mone,2024/2/3,友人の出産に立ち会い、その夜配信を休んで親に電話して長く話した,親しい友人の出産,家族
Mone,2024/5/30,企業のチームコーチングを月10社まで増やし、初めて断る案件が出てきた,仕事の節目,モチベ
Mone,2024/8/3,29歳誕生日にリスナー50人と公開オフ会、参加者全員に手書きカードを準備した,誕生日企画,配信
Mone,2024/11/22,配信中にリスナーの自殺ほのめかしコメント、配信を止めて電話につないだ,緊急対応,配信
Mone,2024/12/31,大晦日に一人で年越し配信、リスナーと一緒に泣きながら新年を迎えた,年越し配信,配信
Mone,2025/3/12,心理学の論文を書き始め、現場知をアカデミックに残そうと密かに決めた,自宅で執筆,心理
Mone,2025/5/24,経営者の自殺未遂相談を深夜に受け、朝までLINEで言葉を返し続けた,深夜の緊急対応,人情
Mone,2025/8/3,30歳誕生日、推しのライブで号泣しながら大人になった気がした不思議と,推しのライブ会場,ヲタク
Mone,2025/10/8,チームコーチング案件で、初めて「あの一言で救われた」と社長に泣かれた,クライアント案件,モチベ
Mone,2025/12/3,Iris配信で炎上未遂、傷つく人が出にくい言葉を選んで即興で着地させた,配信中の即興対応,配信
Mone,2026/1/14,自分の限界を超えそうだと気づき、初めて月一の完全オフ日を設定した,自己ケアの開始,哲学
Mone,2026/3/22,後輩女性VTuberの相談に毎週乗り続け、半年で自分の活動枠より長くなった,後輩支援,配信
Mone,2026/5/10,初の自著「軽い言葉で人は救える」を刊行、ヲタクとギャル両界隈から反応が来た,書籍刊行,哲学
Mone,2026/6/30,母の誕生日に久しぶりに実家に帰り、子供の頃のアニメを一緒に観て泣いた,母との時間,家族
Vincent,1987/9/14,5歳で父の書斎の百科事典を開き、犯罪史の項目で一日中過ごした,ボストンの自宅,雑学
Vincent,1989/5/22,図書館で誰も借りない古い新聞のスクラップを毎週末読み漁った,小学校1年の頃,文学
Vincent,1991/10/30,クラスメイトの嘘を当てて、先生に「Vincentは怖いね」と苦笑された,小学校3年,推理
Vincent,1993/8/4,ホームズ全集を一夏で読破、その後の人生を完全に決定づけた,小学校5年の夏休み,文学
Vincent,1994/12/9,学校の窃盗事件をクラス委員に解説、犯人本人だったことが後で判明した,小学校6年,推理
Vincent,1996/5/13,中学の図書室で古い新聞を毎日読み続け、司書に名前を覚えられた,中2の春,文学
Vincent,1998/11/22,高校で言語学クラブに入り、フランス語の自学を始めて止まらなくなった,高校2年,文学
Vincent,1999/3/14,ハーバード見学で構内の喫茶店の客層を半日観察し続けた,高3前の春休み,観察
Vincent,2000/9/5,大学入学、初日に比較文学と認知心理学を二重専攻すると宣言した,大学入学式,文学
Vincent,2001/4/22,大学2年、推理小説の構造論をテーマに学生論文を学部誌に発表した,大学のサークル,文学
Vincent,2002/2/14,言語学の授業でドイツ語にハマり、半年で日常会話レベルに到達した,大学2年の冬,雑学
Vincent,2003/8/19,卒論で「人間が後から自分の行動を物語化する仕組み」を書き上げた,大学4年の夏,人間
Vincent,2004/3/27,大学院で犯罪史ゼミに入り、教授の旧蔵書を借り続けて結局返さなかった,院進学直後,雑学
Vincent,2005/6/8,シカゴの古書店街に一週間滞在しながら歩き回り、戦前の探偵雑誌を集めた,院2年の夏,都市
Vincent,2006/4/12,シンクタンクに就職、初日にメモ帳と万年筆を二本ずつ揃えて机に並べた,入社初日,趣味
Vincent,2007/1/19,初の大型案件で、競合の動きを古い新聞報道から見抜き上司を驚かせた,入社一年目,推理
Vincent,2008/3/8,退職を決意、NYでストーリーテリングスクールに入学する手続きをした,転職決断,話芸
Vincent,2008/10/15,NYのコメディクラブで初の3分間スタンドアップ、客は四人しか居なかった,NY初舞台,話芸
Vincent,2009/5/30,ブロンクスの古書店で、消えた古い犯罪雑誌のバックナンバーを偶然発見した,NY時代の趣味散策,文学
Vincent,2010/2/14,東京に初めて長期滞在、銀座の老舗喫茶店に毎日通って顔を覚えられた,初の東京滞在,都市
Vincent,2010/8/22,浅草の寄席で落語を初観覧、終演後に演者の控室まで会いに行った,寄席訪問,話芸
Vincent,2011/3/11,震災当日、東京で食料の流通変化を一週間観察してメモを取り続けた,震災時の東京,観察
Vincent,2011/12/3,日本語が日常会話レベルに到達、初めて落語のサゲで素直に笑えた,東京滞在中の寄席,話芸
Vincent,2012/7/14,民俗学者の私邸を訪問、本棚を見せてもらい三時間動けなかった,学術交流,雑学
Vincent,2013/4/8,講演活動を本格化、初回の聴衆20人の前で90分話し切って手応えを得た,初の公開講演,話芸
Vincent,2014/1/12,32歳の誕生日、神保町の古書店で自分への贈り物に古い犯罪事典を購入,誕生日,文学
Vincent,2014/9/19,チェスの大会に出場、初戦で歴戦の老紳士に三十手で見事に敗北した,チェスクラブ大会,趣味
Vincent,2015/5/27,クライアントの嘘を会議中に見抜き、後で本人から個別に礼を言われた,戦略会議,推理
Vincent,2015/11/4,フランス語の落語版「目黒のさんま」を試訳、フランス人の友人に披露した,パリ訪問,話芸
Vincent,2016/8/15,終戦の日に靖国を散歩、参拝者の沈黙の質を時間ごとにメモした,夏の東京散歩,都市
Vincent,2017/2/22,ロシア語の独学を開始、半年でドストエフスキーを原文で読み始めた,自宅で独学,雑学
Vincent,2017/9/8,クライアントの相談で、本題とは違う家庭の問題を当てて沈黙させた,経営者面談,推理
Vincent,2018/4/30,京都の老舗料亭で女将と三時間話し込み、店の歴史を初めて聞き出した,京都訪問,観察
Vincent,2018/12/24,クリスマスイブの東京で、銀座の老舗バーで一人ウイスキーを傾けた,イブの東京,趣味
Vincent,2019/6/19,雑誌の連載「都市の違和感」を開始、毎月の街歩き記録を寄稿し始めた,連載開始,都市
Vincent,2020/3/27,コロナで講演が全てオンライン化、自宅書斎の照明を二週間かけて調整した,在宅対応,趣味
Vincent,2020/9/14,古書店主と知己になり、絶版本のリストを毎月手書きで送ってもらうように,古書ネットワーク,文学
Vincent,2021/5/8,落語家との対談本を執筆、噺家から「あんた、噺家になれば」と言われた,共著執筆,話芸
Vincent,2021/10/30,心理学者との共同講座を初開催、推理と認知バイアスの接続を試みた,共同講座,推理
Vincent,2022/2/14,街頭の古書ワゴンで日本の戦前推理小説の初版本を偶然見つけた,神保町,文学
Vincent,2022/8/19,若手リサーチャーへの私塾を月一で開始、最初の塾生は三人だった,私塾開講,推理
Vincent,2023/3/14,仕事で韓国へ短期滞在、市場の屋台の食材構成を半日観察し続けた,ソウル出張,観察
Vincent,2023/9/22,書斎の本棚を三日かけて再分類、テーマ別から「違和感の種類別」に変えた,書斎の整理,雑学
Vincent,2024/1/12,42歳誕生日、東京の馴染みの落語家に祝いに呼ばれて泣きそうになった,誕生日の寄席,話芸
Vincent,2024/6/30,警察関係者向けの講演を初担当、観察と推測の分け方を二時間語った,専門講演,推理
Vincent,2024/11/14,馴染みの古書店主が亡くなり、葬儀で蔵書の一部を遺族から託された,古書店主の葬儀,文学
Vincent,2025/2/19,落語と推理を結ぶ単著を刊行、海外メディアからも取材を受けた,著書刊行,話芸
Vincent,2025/7/8,チェスの大会で初の入賞、地元の老紳士たちと夜まで打ち上げて飲んだ,チェス大会,趣味
Vincent,2025/12/20,年末の街歩きで、一年前と店主が変わった老舗喫茶店を発見してメモした,東京の散歩,都市
Vincent,2026/4/18,私塾の卒業生が独立、その記念に手書きの「観察ノートの作り方」を贈った,私塾の卒業式,推理
